Year,Avg. Pace,Player,TEAM,Team Conference Rank,GP,Team GP,W,PTS,REB,AST,STL,BLK,TOV,TS%,3PM,DEFWS,USG%,PIE,Prior ASG Appearances,AS Last Year?,Selected?,Rank,Team,Position,Salary,Inflation,row_max
2000,91.3,Jerry Stackhouse,DET,10,39,41,14,30.1,3.7,5.0,1.3,0.7,4.0,53.7,1.6,0.002,35.1,15.7,1,1,1,54,Detroit Pistons, SF,4781000,6971791,6971791
2000,91.3,Kobe Bryant,LAL,3,39,39,26,29.6,5.4,4.7,1.8,0.6,3.1,55.8,1.2,0.002,31.2,16.0,2,1,1,19,Los Angeles Lakers, SF,9000000,13124059,13124059
2000,91.3,Vince Carter,TOR,6,36,41,21,28.5,5.6,3.9,1.7,1.0,2.2,55.2,2.3,0.003,30.3,15.5,1,1,1,100,Toronto Raptors, G,2267000,3305804,3305804
2000,91.3,Allen Iverson,PHI,1,38,40,28,28.5,4.0,4.7,2.3,0.3,3.2,52.1,1.1,0.005,32.4,15.7,1,1,1,15,Philadelphia 76ers, SG,9000000,13124059,13124059
2000,91.3,Shaquille O'Neal,LAL,3,37,39,25,26.8,13.0,3.8,0.6,2.9,2.8,54.4,0.0,0.002,30.6,16.9,7,1,1,1,Los Angeles Lakers, C,17142000,24996958,24996958
2000,91.3,Stephon Marbury,NJN,13,37,41,13,24.4,3.1,6.7,1.2,0.1,2.9,55.5,1.6,0.002,29.3,15.9,0,0,1,20,New Jersey Nets, PG,9000000,13124059,13124059
2000,91.3,Gary Payton,SEA,10,42,43,22,23.0,5.0,8.7,1.6,0.3,2.7,50.7,1.1,0.001,26.4,14.9,6,1,1,8,Seattle SuperSonics, PG,11020000,16069681,16069681
2000,91.3,Karl Malone,UTA,4,38,39,24,22.9,9.0,4.4,1.1,0.9,3.1,54.2,0.0,0.002,28.8,16.7,12,1,1,6,Utah Jazz, PF,14000000,20415203,20415203
2000,91.3,Kevin Garnett,MIN,9,42,42,24,22.7,10.5,4.6,1.3,1.5,2.9,52.5,0.2,0.002,27.8,16.5,3,1,1,2,Minnesota Timberwolves, PF,16806000,24506993,24506993
2000,91.3,Glenn Robinson,MIL,3,38,40,25,22.4,7.4,3.6,1.1,1.1,2.9,53.3,0.6,0.002,28.2,14.3,1,1,1,28,Milwaukee Bucks, SF,7250000,10572158,10572158
2000,91.3,Antonio McDyess,DEN,8,40,41,24,22.0,11.8,2.3,0.5,1.3,2.6,55.0,0.0,0.002,27.8,15.5,0,0,1,12,Denver Nuggets, PF,9900000,14436465,14436465
2000,91.3,Ray Allen,MIL,3,40,40,25,21.1,4.8,3.7,1.8,0.3,2.3,59.6,2.4,0.002,23.3,14.2,1,1,1,18,Milwaukee Bucks, SG,9000000,13124059,13124059
2000,91.3,Rasheed Wallace,POR,1,41,42,29,19.8,8.4,2.7,1.3,2.0,2.3,57.3,0.5,0.003,23.1,15.4,1,1,1,9,Portland Trail Blazers, PF,10800000,15748871,15748871
2000,91.3,Jason Kidd,PHX,6,35,38,23,16.6,6.3,9.9,2.1,0.3,3.8,52.0,1.0,0.005,21.4,16.6,3,1,1,34,Phoenix Suns, PG,6858000,10000533,10000533
2000,91.3,Theo Ratliff,PHI,1,40,40,30,12.1,8.0,1.2,0.6,3.8,2.7,56.4,0.0,0.004,17.6,10.9,0,0,1,32,Philadelphia 76ers, C,7031000,10252806,10252806
2000,91.3,Vlade Divac,SAC,2,38,38,27,10.5,7.9,3.2,1.0,1.1,2.1,53.8,0.1,0.003,17.5,11.1,0,0,1,21,Sacramento Kings, C,8837000,12886367,12886367
2001,90.7,Allen Iverson,PHI,9,33,40,19,29.8,4.6,5.8,2.5,0.2,3.9,48.3,1.1,0.005,35.0,14.0,2,1,1,27,Philadelphia 76ers, SG,10125000,14356060,14356060
2001,90.7,Paul Pierce,BOS,3,40,40,24,27.1,7.0,3.4,1.9,1.1,2.9,56.0,2.7,0.004,29.8,15.5,0,0,1,232,Boston Celtics, SF,1608000,2279955,2279955
2001,90.7,Kobe Bryant,LAL,2,37,37,28,26.7,5.5,5.8,1.7,0.4,2.6,55.9,0.6,0.004,30.5,17.9,3,1,1,31,Los Angeles Lakers, SF,10125000,14356060,14356060
2001,90.7,Vince Carter,TOR,4,41,42,24,25.8,5.6,4.5,1.6,0.9,2.7,52.0,2.2,0.004,29.7,13.6,2,1,1,170,Toronto Raptors, G,2425000,3438365,3438365
2001,90.7,Shaquille O'Neal,LAL,2,29,37,23,25.6,10.7,3.3,0.8,2.6,2.6,55.6,0.0,0.004,31.7,18.7,8,1,1,2,Los Angeles Lakers, C,19285000,27343865,27343865
2001,90.7,Tim Duncan,SAS,4,38,38,27,25.3,12.9,3.6,0.8,2.7,3.3,57.4,0.0,0.004,28.2,19.9,3,1,1,34,San Antonio Spurs, C,9658000,13693909,13693909
2001,90.7,Tracy McGrady,ORL,6,39,42,20,25.1,7.1,4.9,1.2,0.9,2.5,53.7,1.2,0.002,30.6,15.8,1,1,1,33,Orlando Magic, SG,9658000,13693909,13693909
2001,90.7,Chris Webber,SAC,1,17,40,15,24.4,10.5,5.1,1.6,1.6,3.0,52.5,0.1,0.003,30.3,15.4,3,1,1,15,Sacramento Kings, C,12000000,17014590,17014590
2001,90.7,Dirk Nowitzki,DAL,5,39,41,28,24.4,9.5,2.1,0.8,0.8,1.6,60.3,1.9,0.002,25.7,16.2,0,0,1,229,Dallas Mavericks, F,1693000,2400475,2400475
2001,90.7,Karl Malone,UTA,6,41,41,22,24.1,8.7,4.1,1.8,0.8,3.3,53.9,0.1,0.002,29.6,17.0,13,1,1,6,Utah Jazz, PF,15750000,22331650,22331650
2001,90.7,Ray Allen,MIL,2,32,39,22,22.9,4.3,3.9,1.4,0.3,2.3,62.5,3.5,0.002,25.6,14.4,2,1,1,30,Milwaukee Bucks, SG,10125000,14356060,14356060
2001,90.7,Antoine Walker,BOS,3,40,40,24,22.9,9.7,5.2,1.3,0.5,3.2,49.3,3.0,0.004,27.7,13.0,1,0,1,25,Boston Celtics, PF,10125000,14356060,14356060
2001,90.7,Gary Payton,SEA,7,40,40,21,22.8,4.6,9.1,1.6,0.3,2.9,52.8,1.0,0.002,26.7,15.7,7,1,1,13,Seattle SuperSonics, PG,12200000,17298167,17298167
2001,90.7,Peja Stojakovic,SAC,1,38,40,30,22.8,5.5,2.8,1.1,0.1,2.1,59.1,2.0,0.003,23.7,13.1,0,0,1,248,Sacramento Kings, SF,1310000,1857426,1857426
2001,90.7,Kevin Garnett,MIN,3,40,40,30,22.0,12.1,5.9,1.0,1.8,3.0,53.9,0.7,0.003,26.2,18.0,4,1,1,1,Minnesota Timberwolves, PF,19600000,27790498,27790498
2001,90.7,Steve Francis,HOU,12,22,41,12,20.7,7.7,6.2,1.3,0.2,3.6,55.7,1.0,0.003,26.2,15.4,0,0,1,137,Houston Rockets, PG,3246000,4602446,4602446
2001,90.7,Shareef Abdur-Rahim,ATL,12,39,40,14,20.1,9.8,2.6,1.0,1.2,3.0,51.8,0.2,0.002,26.7,13.3,0,0,1,26,Vancouver Grizzlies, PF,10125000,14356060,14356060
2001,90.7,Wally Szczerbiak,MIN,3,40,40,30,19.7,5.6,3.1,0.9,0.3,2.1,58.0,1.0,0.002,21.7,11.7,0,0,1,209,Minnesota Timberwolves, SG,2162000,3065462,3065462
2001,90.7,Baron Davis,CHH,9,40,40,19,19.1,4.3,8.7,1.8,0.8,3.1,50.8,2.1,0.002,23.9,12.5,0,0,1,149,Charlotte Hornets, PG,2916000,4134545,4134545
2001,90.7,Steve Nash,DAL,5,41,41,29,19.0,3.2,7.9,0.6,0.1,2.8,61.1,2.0,0.002,21.5,13.7,0,0,1,79,Dallas Mavericks, PG,5500000,7798354,7798354
2001,90.7,Elton Brand,LAC,8,42,42,21,18.5,11.2,2.2,0.9,1.9,2.4,58.7,0.0,0.002,22.3,15.9,0,0,1,121,Chicago Bulls, PF,3629000,5145495,5145495
2001,90.7,Jermaine O'Neal,IND,5,36,43,21,18.3,10.7,1.5,0.8,2.4,2.5,52.8,0.0,0.002,24.4,12.7,0,0,1,70,Indiana Pacers, C,5700000,8081930,8081930
2001,90.7,Alonzo Mourning,MIA,13,34,39,12,15.3,8.5,1.3,0.2,2.7,2.4,55.2,0.0,0.004,24.0,13.4,6,1,1,3,Miami Heat, C,16879000,23932439,23932439
2001,90.7,Jason Kidd,NJN,1,40,40,27,13.8,7.1,10.1,2.1,0.3,3.4,46.1,1.5,0.004,21.1,14.7,4,1,1,55,Phoenix Suns, PG,7630000,10818443,10818443
2001,90.7,Dikembe Mutombo,PHI,9,40,40,19,11.0,11.6,1.0,0.4,2.7,2.0,55.4,0.0,0.005,15.2,12.7,7,1,1,7,Philadelphia 76ers, C,14422000,20448702,20448702
2002,91.0,Tracy McGrady,ORL,8,38,43,19,30.1,6.3,4.8,1.7,0.9,2.5,55.8,1.8,0.001,33.4,17.9,2,1,1,26,Orlando Magic, SG,10865000,15165522,15165522
2002,91.0,Kobe Bryant,LAL,9,40,40,19,27.7,7.7,7.2,2.2,0.9,3.8,53.3,1.1,0.003,30.8,18.5,4,1,1,23,Los Angeles Lakers, SF,11250000,15702911,15702911
2002,91.0,Allen Iverson,PHI,6,41,41,21,27.1,4.1,4.8,2.6,0.1,3.5,48.1,1.2,0.003,33.2,12.5,3,1,1,17,Philadelphia 76ers, SG,11250000,15702911,15702911
2002,91.0,Shaquille O'Neal,LAL,9,28,40,16,26.3,10.8,3.0,0.7,2.1,3.0,58.4,0.0,0.002,30.1,17.2,9,1,1,2,Los Angeles Lakers, C,21428000,29909509,29909509
2002,91.0,Paul Pierce,BOS,4,41,41,24,25.8,7.5,4.4,2.0,0.9,3.7,51.2,1.5,0.003,31.7,15.0,1,1,1,219,Boston Celtics, SF,2051000,2862815,2862815
2002,91.0,Tim Duncan,SAS,3,40,40,26,23.5,12.4,3.8,0.7,3.0,3.2,54.2,0.1,0.004,28.5,20.1,4,1,1,27,San Antonio Spurs, C,10865000,15165522,15165522
2002,91.0,Chris Webber,SAC,2,37,42,27,23.1,10.4,5.4,1.7,1.6,3.1,48.8,0.0,0.004,29.3,14.9,4,1,1,11,Sacramento Kings, C,12750000,17796632,17796632
2002,91.0,Steve Francis,HOU,7,40,40,23,23.0,6.3,6.2,1.6,0.5,4.1,54.5,1.2,0.004,27.4,14.7,1,1,1,142,Houston Rockets, PG,3473000,4847663,4847663
2002,91.0,Dirk Nowitzki,DAL,1,38,40,31,22.3,10.3,2.7,1.4,1.1,1.5,55.9,1.4,0.004,24.6,17.6,1,1,1,214,Dallas Mavericks, F,2157000,3010771,3010771
2002,91.0,Kevin Garnett,MIN,8,41,41,23,21.9,13.0,5.6,1.5,1.6,2.7,54.1,0.4,0.003,24.6,19.3,5,1,1,1,Minnesota Timberwolves, PF,22400000,31266241,31266241
2002,91.0,Antoine Walker,BOS,4,41,41,24,21.8,7.5,4.3,1.7,0.5,3.3,48.7,2.8,0.003,27.4,11.4,2,1,1,15,Boston Celtics, PF,11250000,15702911,15702911
2002,91.0,Stephon Marbury,PHX,6,41,42,25,21.5,3.0,8.1,1.2,0.2,3.4,49.2,1.0,0.003,27.9,13.0,1,0,1,24,Phoenix Suns, PG,11250000,15702911,15702911
2002,91.0,Gary Payton,MIL,9,39,40,18,21.3,4.8,9.2,1.6,0.3,2.5,50.3,0.7,0.002,26.6,15.8,8,1,1,9,Seattle SuperSonics, PG,12926000,18042296,18042296
2002,91.0,Shawn Marion,PHX,6,41,42,24,21.1,9.5,2.0,1.9,1.2,2.0,52.5,1.5,0.003,23.2,15.4,0,0,1,232,Phoenix Suns, SG,1778000,2481757,2481757
2002,91.0,Jamal Mashburn,NOH,5,42,42,22,21.1,6.3,5.3,1.1,0.1,2.5,49.9,1.3,0.002,25.9,13.3,0,0,1,55,Charlotte Hornets, SF,6975000,9735805,9735805
2002,91.0,Jason Kidd,NJN,2,41,41,28,20.4,5.9,8.6,2.3,0.3,3.7,54.3,1.5,0.004,26.2,18.7,5,1,1,46,New Jersey Nets, PG,8440000,11780673,11780673
2002,91.0,Jermaine O'Neal,IND,1,37,41,26,19.6,10.1,2.3,0.7,1.8,2.8,53.2,0.0,0.003,25.8,14.6,1,1,1,64,Indiana Pacers, C,6325000,8828525,8828525
2002,91.0,Vince Carter,TOR,14,10,42,4,19.2,3.7,2.6,0.9,0.8,2.0,48.5,1.4,0.004,31.0,11.0,3,1,1,157,Toronto Raptors, G,3073000,4289337,4289337
2002,91.0,Steve Nash,DAL,1,40,40,32,18.7,2.9,6.7,1.2,0.0,2.6,57.3,1.1,0.003,25.0,15.3,1,1,1,72,Dallas Mavericks, PG,5750000,8025932,8025932
2002,91.0,Michael Jordan,WAS,6,41,41,21,18.4,5.5,3.8,1.7,0.5,2.0,49.3,0.3,0.002,27.8,14.1,13,1,1,285,Washington Wizards, G,1000000,1395814,1395814
2002,91.0,Zydrunas Ilgauskas,CLE,15,42,43,8,18.1,8.1,1.5,0.8,2.0,2.7,50.2,0.0,0.001,28.9,12.2,0,0,1,20,Cleveland Cavaliers, C,11250000,15702911,15702911
2002,91.0,Peja Stojakovic,SAC,2,32,42,23,17.5,5.2,2.2,1.1,0.1,1.5,57.6,2.2,0.004,21.3,12.1,1,1,1,91,Sacramento Kings, SF,5000000,6979071,6979071
2002,91.0,Brad Miller,IND,1,40,41,28,14.1,8.4,2.7,0.8,0.6,1.6,59.8,0.0,0.003,18.6,14.7,0,0,1,115,Indiana Pacers, C,4400000,6141583,6141583
2002,91.0,Ben Wallace,DET,3,38,40,26,6.5,15.1,1.6,1.4,2.8,1.5,49.7,0.0,0.004,9.9,14.9,0,0,1,107,Detroit Pistons, PF,4500000,6281164,6281164
2003,90.1,Allen Iverson,PHI,8,30,42,14,26.9,3.9,6.0,2.5,0.1,4.6,47.7,1.4,0.004,34.3,12.8,4,1,1,14,Philadelphia 76ers, SG,12375000,16888310,16888310
2003,90.1,Tracy McGrady,ORL,15,42,43,11,26.4,6.1,5.8,1.4,0.8,3.0,52.3,2.4,0.0,31.2,15.2,3,1,1,22,Orlando Magic, SG,12072000,16474802,16474802
2003,90.1,Peja Stojakovic,SAC,1,38,39,29,25.4,5.9,2.1,1.4,0.2,2.0,63.7,2.9,0.002,24.4,14.5,2,1,1,77,Sacramento Kings, SF,5625000,7676504,7676504
2003,90.1,Kevin Garnett,MIN,2,40,40,28,24.6,13.9,5.0,1.3,2.3,2.6,53.7,0.2,0.004,29.8,21.6,6,1,1,1,Minnesota Timberwolves, PF,25200000,34390741,34390741
2003,90.1,Ray Allen,SEA,10,15,40,8,23.6,4.8,5.0,1.3,0.3,2.6,55.1,2.9,0.0,29.2,14.3,3,0,1,19,Seattle SuperSonics, SG,12375000,16888310,16888310
2003,90.1,Baron Davis,NOH,3,41,42,23,23.4,4.2,8.0,2.5,0.4,3.2,47.8,2.8,0.003,30.4,13.7,1,0,1,126,New Orleans Hornets, PG,3942000,5379694,5379694
2003,90.1,Paul Pierce,BOS,7,44,44,21,23.2,7.1,5.6,1.5,0.8,4.0,52.3,1.7,0.002,30.5,14.8,2,1,1,157,Boston Celtics, SF,2793000,3811640,3811640
2003,90.1,Tim Duncan,SAS,3,39,43,27,22.0,12.7,3.2,0.9,2.7,3.0,52.8,0.1,0.005,29.3,20.2,5,1,1,23,San Antonio Spurs, C,12072000,16474802,16474802
2003,90.1,Kobe Bryant,LAL,4,33,39,22,22.0,4.9,4.3,1.8,0.3,2.5,54.3,0.9,0.003,26.7,13.8,5,1,1,20,Los Angeles Lakers, SF,12375000,16888310,16888310
2003,90.1,Vince Carter,TOR,6,37,40,20,21.3,4.5,4.6,1.0,1.0,3.1,50.5,1.1,0.003,31.1,13.2,4,1,1,36,Toronto Raptors, G,10625000,14500064,14500064
2003,90.1,Sam Cassell,MIN,2,40,40,28,21.1,3.4,7.5,1.1,0.2,2.6,57.5,1.1,0.003,26.4,15.4,0,0,1,113,Milwaukee Bucks, PG,4500000,6141203,6141203
2003,90.1,Jermaine O'Neal,IND,1,43,44,32,20.9,10.7,2.0,0.9,2.8,2.6,49.1,0.0,0.004,30.0,15.4,2,1,1,61,Indiana Pacers, C,6950000,9484748,9484748
2003,90.1,Dirk Nowitzki,DAL,5,36,41,22,20.7,9.0,2.6,0.9,1.2,2.0,55.1,1.3,0.001,23.8,13.3,2,1,1,155,Dallas Mavericks, F,2923000,3989053,3989053
2003,90.1,Shaquille O'Neal,LAL,4,27,39,19,20.0,11.6,3.1,0.4,2.4,3.0,56.4,0.0,0.004,25.7,15.7,10,1,1,2,Los Angeles Lakers, C,23571000,32167625,32167625
2003,90.1,Kenyon Martin,NJN,5,33,40,18,17.5,9.7,2.5,1.5,1.4,2.6,51.6,0.2,0.004,25.2,14.0,0,0,1,121,New Jersey Nets, PF,4067000,5550283,5550283
2003,90.1,Jason Kidd,NJN,5,39,40,21,17.1,6.3,9.6,1.8,0.3,3.1,50.3,1.7,0.004,24.3,16.5,6,1,1,43,New Jersey Nets, PG,9260000,12637232,12637232
2003,90.1,Steve Francis,HOU,7,41,41,24,17.0,5.8,5.8,1.4,0.5,3.7,48.9,1.0,0.005,25.0,11.6,2,1,1,116,Houston Rockets, PG,4383000,5981532,5981532
2003,90.1,Andrei Kirilenko,UTA,9,39,41,21,16.3,7.9,3.3,2.1,2.9,2.9,57.2,0.8,0.002,21.0,16.0,0,0,1,250,Utah Jazz, SF,893000,1218687,1218687
2003,90.1,Brad Miller,SAC,1,39,39,29,14.8,10.5,4.7,0.9,1.3,2.1,58.4,0.2,0.003,17.2,13.5,1,1,1,108,Indiana Pacers, C,4800000,6550617,6550617
2003,90.1,Jamaal Magloire,NOH,3,42,42,23,11.3,9.1,1.2,0.6,1.0,2.4,52.0,0.0,0.002,18.5,9.7,0,0,1,234,New Orleans Hornets, C,1126000,1536665,1536665
2003,90.1,Ben Wallace,DET,2,42,43,29,9.7,13.0,2.0,1.7,3.0,1.4,44.2,0.0,0.004,14.3,13.5,1,1,1,91,Detroit Pistons, PF,5000000,6823559,6823559
2004,90.9,Allen Iverson,PHI,8,36,38,18,28.4,4.1,7.3,2.2,0.1,3.9,51.2,1.2,0.003,33.0,14.9,5,1,1,11,Philadelphia 76ers, SG,13500000,17945709,17945709
2004,90.9,Kobe Bryant,LAL,6,34,38,19,27.5,6.3,6.6,1.4,1.0,4.4,53.9,1.9,0.002,31.8,14.8,6,1,1,17,Los Angeles Lakers, SF,13500000,17945709,17945709
2004,90.9,Tracy McGrady,HOU,7,39,41,22,25.3,6.2,5.6,1.6,0.8,2.7,52.6,1.9,0.004,29.6,15.9,4,1,1,21,Orlando Magic, SG,13279000,17651931,17651931
2004,90.9,Ray Allen,SEA,3,38,38,27,23.9,4.2,4.2,1.2,0.1,2.6,55.3,2.5,0.002,26.8,13.2,4,1,1,16,Seattle SuperSonics, SG,13500000,17945709,17945709
2004,90.9,Kevin Garnett,MIN,9,39,39,20,23.2,14.6,6.2,1.6,1.5,2.9,56.1,0.1,0.002,27.3,21.3,7,1,1,1,Minnesota Timberwolves, PF,28000000,37220730,37220730
2004,90.9,Shaquille O'Neal,MIA,1,40,41,28,23.1,10.8,2.8,0.4,2.6,2.9,58.5,0.0,0.002,29.4,15.7,11,1,1,2,Los Angeles Lakers, C,26571000,35321143,35321143
2004,90.9,Tim Duncan,SAS,1,42,42,33,21.6,11.9,2.5,0.8,2.9,2.1,53.7,0.0,0.005,29.3,20.4,6,1,1,22,San Antonio Spurs, C,13279000,17651931,17651931
2004,90.9,Shawn Marion,PHX,2,41,41,31,19.7,10.7,2.2,2.1,1.5,1.3,56.7,1.5,0.002,20.5,14.8,1,0,1,116,Phoenix Suns, SG,3069000,4079657,4079657
2004,90.9,Vince Carter,NJN,12,34,39,13,18.7,4.4,3.7,1.2,0.6,1.6,48.9,1.1,0.003,26.7,10.9,5,1,1,28,Toronto Raptors, G,11953000,15889264,15889264
2004,90.9,Zydrunas Ilgauskas,CLE,2,38,38,23,16.2,7.8,1.6,0.7,1.8,2.6,54.3,0.0,0.003,24.4,10.5,1,0,1,14,Cleveland Cavaliers, C,13500000,17945709,17945709
2004,90.9,Steve Nash,PHX,2,38,41,31,15.3,3.1,10.9,1.1,0.0,3.2,61.3,1.2,0.002,19.8,14.4,2,0,1,60,Dallas Mavericks, PG,5750000,7643542,7643542
2004,90.9,Ben Wallace,DET,4,31,39,20,9.4,12.2,2.0,1.3,2.6,1.4,44.6,0.0,0.004,14.5,12.2,2,1,1,67,Detroit Pistons, PF,5500000,7311214,7311214
2005,90.5,Kobe Bryant,LAL,7,38,40,21,34.8,5.6,4.3,1.3,0.4,3.0,54.5,1.7,0.002,38.2,18.1,7,1,1,14,Los Angeles Lakers, SF,14625000,18804095,18804095
2005,90.5,Allen Iverson,PHI,7,39,39,19,33.2,3.3,7.5,2.0,0.2,3.2,53.8,1.0,0.002,35.1,16.2,6,1,1,8,Philadelphia 76ers, SG,14625000,18804095,18804095
2005,90.5,Tracy McGrady,HOU,15,25,38,13,25.6,6.9,5.0,1.1,0.9,2.9,51.4,1.4,0.003,34.3,17.7,5,1,1,17,Houston Rockets, SG,14487000,18626662,18626662
2005,90.5,Vince Carter,NJN,2,37,38,22,25.1,5.9,4.3,1.1,0.7,2.4,55.8,1.5,0.004,30.8,16.1,6,1,1,23,Toronto Raptors, G,13281000,17076047,17076047
2005,90.5,Ray Allen,SEA,13,36,39,15,24.1,4.3,3.6,1.6,0.2,2.1,56.1,3.3,0.0,26.7,13.5,5,1,1,13,Seattle SuperSonics, SG,14625000,18804095,18804095
2005,90.5,Tony Parker,SAS,1,40,40,31,19.8,3.9,5.9,1.2,0.1,3.2,58.1,0.2,0.004,27.0,16.5,0,0,1,119,San Antonio Spurs, G,1545000,1986483,1986483
2005,90.5,Pau Gasol,MEM,4,38,38,23,19.4,9.2,4.3,0.6,2.2,2.9,53.4,0.0,0.004,25.7,15.8,0,0,1,73,Memphis Grizzlies, PF,4318000,5551869,5551869
2005,90.5,Steve Nash,PHX,3,39,39,26,18.7,4.3,11.4,0.9,0.1,4.1,59.8,1.8,0.004,23.3,16.6,3,1,1,59,Phoenix Suns, PG,5750000,7393063,7393063
2005,90.5,Shaquille O'Neal,MIA,3,22,40,14,18.5,9.3,1.3,0.5,1.5,2.5,53.7,0.0,0.002,30.7,12.2,12,1,1,1,Miami Heat, C,29464000,37883341,37883341
2005,90.5,Ben Wallace,DET,1,37,37,32,8.2,12.6,2.0,1.6,2.3,1.0,50.5,0.0,0.004,12.0,13.1,3,1,1,49,Detroit Pistons, PF,6000000,7714500,7714500
2006,91.9,Carmelo Anthony,DEN,7,22,37,13,31.6,5.6,4.1,1.5,0.4,3.8,57.0,0.6,0.002,34.5,15.5,0,0,1,164,Denver Nuggets, PF,3713640,4625600,4625600
2006,91.9,Gilbert Arenas,WAS,1,40,40,24,29.7,4.5,6.3,2.0,0.1,3.6,57.2,3.1,0.002,31.0,14.3,2,1,1,42,Washington Wizards, PG,10243200,12758627,12758627
2006,91.9,Allen Iverson,DEN,7,29,37,11,29.5,2.7,7.5,2.1,0.1,4.6,53.6,0.9,0.003,32.1,15.2,7,1,1,4,Philadelphia 76ers, SG,16453125,20493526,20493526
2006,91.9,Dwyane Wade,MIA,9,34,40,18,28.2,4.8,7.9,2.0,1.1,4.0,58.0,0.5,0.003,32.9,19.5,2,1,1,188,Miami Heat, G,3031920,3776469,3776469
2006,91.9,Kobe Bryant,LAL,5,38,41,23,27.9,5.3,5.6,1.2,0.4,3.3,58.8,1.5,0.002,30.6,16.1,8,1,1,8,Los Angeles Lakers, SF,15946875,19862956,19862956
2006,91.9,LeBron James,CLE,1,40,40,24,27.1,6.8,6.1,1.6,0.7,3.6,55.7,1.3,0.004,30.0,18.3,2,1,1,137,Cleveland Cavaliers, SF,4621800,5756777,5756777
2006,91.9,Yao Ming,HOU,6,27,41,16,25.9,9.4,2.1,0.4,2.2,3.8,60.1,0.0,0.004,33.2,20.0,4,1,1,106,Houston Rockets, C,5594906,6968849,6968849
2006,91.9,Ray Allen,SEA,14,31,41,13,25.5,4.2,3.9,1.4,0.3,2.5,57.5,2.8,0.001,27.1,13.6,6,1,1,26,Seattle SuperSonics, SG,13223140,16470352,16470352
2006,91.9,Vince Carter,NJN,6,40,40,20,25.0,5.9,4.2,1.1,0.4,2.5,55.1,2.0,0.003,29.4,14.3,7,1,1,22,New Jersey Nets, G,13843156,17242625,17242625
2006,91.9,Dirk Nowitzki,DAL,1,41,42,33,24.9,9.5,3.1,0.7,0.7,2.2,61.1,1.0,0.003,28.0,20.8,5,1,1,20,Dallas Mavericks, F,13843156,17242625,17242625
2006,91.9,Joe Johnson,ATL,13,34,38,12,24.7,3.9,3.9,1.2,0.1,3.2,57.0,2.2,0.002,27.9,14.3,0,0,1,29,Atlanta Hawks, G,12000000,14946845,14946845
2006,91.9,Richard Hamilton,DET,3,37,39,22,22.9,4.2,3.7,1.0,0.3,2.1,54.9,0.6,0.003,28.2,12.7,1,1,1,60,Detroit Pistons, SG,8125000,10120259,10120259
2006,91.9,Tracy McGrady,HOU,6,33,41,23,22.8,5.5,6.4,1.1,0.6,3.0,50.6,1.7,0.004,32.0,15.3,6,1,1,12,Houston Rockets, SG,15694250,19548293,19548293
2006,91.9,Carlos Boozer,UTA,4,41,41,27,22.2,12.0,3.2,1.0,0.3,2.8,59.2,0.0,0.002,25.8,18.0,0,0,1,33,Utah Jazz, PF,11260483,14025724,14025724
2006,91.9,Kevin Garnett,MIN,8,38,39,20,22.2,12.8,4.3,1.2,2.0,2.7,54.7,0.2,0.003,27.1,19.8,9,1,1,3,Minnesota Timberwolves, PF,18000000,22420267,22420267
2006,91.9,Chris Bosh,TOR,8,29,41,13,21.7,11.3,2.1,0.5,1.3,3.0,56.3,0.2,0.002,26.9,15.5,1,1,1,179,Toronto Raptors, PF,3348000,4170169,4170169
2006,91.9,Caron Butler,WAS,1,40,40,24,21.0,8.1,4.1,2.0,0.3,3.0,56.3,0.4,0.002,22.9,13.0,0,0,1,223,Washington Wizards, SF,2461617,3066117,3066117
2006,91.9,Tim Duncan,SAS,3,42,42,29,19.8,10.5,3.3,0.7,2.1,2.9,57.0,0.0,0.004,27.7,18.3,8,1,1,9,San Antonio Spurs, C,15845157,19736259,19736259
2006,91.9,Josh Howard,DAL,1,34,42,27,19.8,7.2,2.0,1.3,1.0,1.7,55.8,1.5,0.003,25.1,14.8,0,0,1,334,Dallas Mavericks, SF,923880,1150757,1150757
2006,91.9,Jermaine O'Neal,IND,6,35,40,18,19.3,10.4,2.9,0.7,3.1,2.8,51.9,0.0,0.003,26.7,15.9,5,1,1,7,Indiana Pacers, C,16440000,20477177,20477177
2006,91.9,Steve Nash,PHX,2,38,40,31,19.3,3.2,11.5,0.8,0.1,3.6,66.3,2.6,0.003,22.1,16.5,4,1,1,45,Phoenix Suns, PG,9625000,11988615,11988615
2006,91.9,Tony Parker,SAS,3,41,42,28,19.1,3.3,5.6,1.0,0.1,2.6,57.3,0.3,0.004,27.2,16.1,1,1,1,54,San Antonio Spurs, G,8400000,10462791,10462791
2006,91.9,Shawn Marion,PHX,2,40,40,32,18.8,9.9,1.8,2.1,1.5,1.6,59.2,1.2,0.003,20.0,14.2,3,1,1,25,Phoenix Suns, SG,13700000,17064314,17064314
2006,91.9,Amar'e Stoudemire,PHX,2,40,40,32,18.5,9.1,0.7,0.8,1.5,2.4,65.6,0.0,0.003,23.9,14.5,1,0,1,212,Phoenix Suns, C,2589023,3224810,3224810
2006,91.9,Chauncey Billups,DET,3,31,39,20,18.1,3.4,8.0,1.3,0.4,2.2,60.5,2.0,0.003,21.1,15.4,1,1,1,101,Detroit Pistons, PG,5909800,7361072,7361072
2006,91.9,Mehmet Okur,UTA,4,41,41,27,17.1,7.3,1.9,0.4,0.5,1.8,58.3,1.6,0.001,21.8,11.5,0,0,1,58,Utah Jazz, C,8250000,10275956,10275956
2006,91.9,Dwight Howard,ORL,5,41,41,22,17.0,12.5,1.7,0.8,1.9,3.6,60.4,0.0,0.003,22.4,16.7,0,0,1,144,Orlando Magic, C,4493160,5596547,5596547
2006,91.9,Jason Kidd,NJN,6,40,40,20,14.4,8.3,9.1,1.9,0.3,2.8,54.0,1.4,0.003,19.0,16.9,7,0,1,6,New Jersey Nets, PG,16440000,20477177,20477177
2006,91.9,Shaquille O'Neal,MIA,9,4,40,2,14.0,7.5,1.3,0.0,1.0,3.5,46.0,0.0,0.003,29.2,5.5,13,1,1,1,Miami Heat, C,20000000,24911408,24911408
2007,92.4,LeBron James,CLE,5,35,40,22,29.7,7.6,7.4,2.0,1.1,3.4,56.1,1.4,0.003,32.5,20.1,3,1,1,106,Cleveland Cavaliers, SF,5828089,7058260,7058260
2007,92.4,Kobe Bryant,LAL,3,39,39,27,27.4,5.8,5.1,2.1,0.4,3.1,56.2,1.9,0.004,31.6,16.5,9,1,1,5,Los Angeles Lakers, SF,17718750,21458759,21458759
2007,92.4,Allen Iverson,DEN,7,40,40,24,27.0,2.9,6.9,2.1,0.2,3.3,56.7,1.1,0.003,27.0,14.3,8,1,1,7,Philadelphia 76ers, SG,17184375,20811590,20811590
2007,92.4,Carmelo Anthony,DEN,7,40,40,24,25.5,7.0,3.4,1.3,0.5,3.5,54.2,0.6,0.003,30.2,12.6,1,1,1,135,Denver Nuggets, PF,4694041,5684842,5684842
2007,92.4,Dwyane Wade,MIA,15,33,41,7,25.3,4.2,6.8,1.9,0.8,4.4,55.2,0.2,0.001,32.1,14.8,3,1,1,165,Miami Heat, G,3841443,4652280,4652280
2007,92.4,Carlos Boozer,UTA,9,41,42,23,22.5,10.8,2.8,1.3,0.5,2.7,57.8,0.0,0.002,28.0,16.4,1,1,1,36,Utah Jazz, PF,11260483,13637305,13637305
2007,92.4,Amar'e Stoudemire,PHX,1,38,41,27,22.5,9.2,1.2,0.8,2.2,2.0,63.5,0.1,0.002,27.0,15.4,2,1,1,25,Phoenix Suns, C,12455000,15083956,15083956
2007,92.4,Yao Ming,HOU,10,41,41,22,22.3,10.7,2.4,0.5,2.3,3.4,58.2,0.0,0.004,27.0,16.9,5,1,1,26,Houston Rockets, C,12455000,15083956,15083956
2007,92.4,Chris Bosh,TOR,6,36,41,20,22.2,9.3,2.2,0.9,1.1,2.1,57.3,0.0,0.003,28.3,15.8,2,1,1,147,Toronto Raptors, PF,4235220,5129174,5129174
2007,92.4,Joe Johnson,ATL,7,38,38,18,22.2,4.2,5.5,0.9,0.1,2.6,52.3,2.0,0.003,26.0,12.1,1,1,1,23,Atlanta Hawks, G,12744190,15434187,15434187
2007,92.4,Dwight Howard,ORL,3,43,43,26,22.1,15.0,1.5,1.0,2.6,3.3,62.0,0.0,0.002,24.4,16.8,1,1,1,134,Orlando Magic, C,4806720,5821305,5821305
2007,92.4,Dirk Nowitzki,DAL,4,40,40,27,22.1,8.5,3.8,0.7,1.0,2.2,58.1,0.9,0.003,26.8,16.6,6,1,1,15,Dallas Mavericks, F,15101622,18289217,18289217
2007,92.4,Caron Butler,WAS,4,38,39,22,21.8,7.0,4.4,2.4,0.3,2.6,56.9,1.1,0.003,24.0,14.8,1,1,1,78,Washington Wizards, SF,7438000,9007986,9007986
2007,92.4,Antawn Jamison,WAS,4,39,39,22,21.5,10.6,1.5,0.9,0.5,1.3,52.8,1.7,0.004,24.4,13.6,1,0,1,13,Washington Wizards, PF,15101626,18289222,18289222
2007,92.4,Chris Paul,NOH,2,38,40,27,21.1,3.8,10.4,2.7,0.0,2.7,57.8,1.1,0.003,25.3,18.2,0,0,1,179,NO/Oklahoma City Hornets, PG,3380160,4093631,4093631
2007,92.4,Paul Pierce,BOS,1,39,39,33,20.4,5.5,4.9,1.4,0.4,3.0,57.3,1.7,0.006,25.2,15.0,5,0,1,12,Boston Celtics, SF,15101626,18289222,18289222
2007,92.4,David West,NOH,2,39,40,27,19.4,9.4,2.4,0.7,1.3,2.1,52.2,0.1,0.004,25.5,13.4,0,0,1,248,NO/Oklahoma City Hornets, F,2051938,2485053,2485053
2007,92.4,Brandon Roy,POR,6,41,41,25,19.3,4.5,5.7,0.9,0.2,1.9,53.9,1.0,0.002,25.0,13.8,0,0,1,215,Portland Trail Blazers, SG,2681880,3247961,3247961
2007,92.4,Kevin Garnett,BOS,1,39,39,33,19.3,9.8,3.8,1.4,1.4,2.1,59.7,0.0,0.005,24.5,20.6,10,1,1,1,Minnesota Timberwolves, PF,21000000,25432604,25432604
2007,92.4,Tim Duncan,SAS,5,35,39,24,18.8,11.0,3.0,0.7,1.9,2.5,54.3,0.0,0.003,28.1,16.6,9,1,1,6,San Antonio Spurs, C,17429673,21108665,21108665
2007,92.4,Richard Hamilton,DET,2,40,42,27,18.8,3.3,4.4,1.0,0.2,1.9,56.8,1.0,0.003,24.5,12.2,2,1,1,49,Detroit Pistons, SG,9187500,11126764,11126764
2007,92.4,Ray Allen,BOS,1,36,39,31,18.2,4.0,3.0,1.0,0.1,1.7,56.6,2.4,0.005,21.5,11.8,7,1,1,19,Seattle SuperSonics, SG,14611570,17695727,17695727
2007,92.4,Chauncey Billups,DET,2,40,42,28,17.9,3.0,7.1,1.4,0.2,2.0,62.6,1.8,0.004,22.5,16.8,2,1,1,96,Detroit Pistons, PG,6364400,7707774,7707774
2007,92.4,Steve Nash,PHX,1,40,41,29,16.9,3.5,12.1,0.7,0.1,3.6,64.1,2.0,0.002,21.1,15.4,5,1,1,40,Phoenix Suns, PG,10500000,12716302,12716302
2007,92.4,Rasheed Wallace,DET,2,40,42,28,12.4,7.3,1.9,1.4,1.5,1.2,50.3,1.3,0.003,20.4,11.4,3,0,1,34,Detroit Pistons, PF,11650000,14109039,14109039
2007,92.4,Jason Kidd,DAL,4,39,40,18,11.4,8.4,10.7,1.6,0.2,3.8,48.2,1.5,0.002,18.6,15.2,8,1,1,3,New Jersey Nets, PG,18084000,21901105,21901105
2008,91.7,Dwyane Wade,MIA,6,41,41,22,28.8,4.9,7.3,2.3,1.5,3.7,55.4,0.8,0.003,34.9,18.5,4,1,1,31,Miami Heat, G,13041250,15209956,15209956
2008,91.7,LeBron James,CLE,2,40,40,32,27.8,7.2,6.8,2.0,1.3,3.1,58.6,1.3,0.005,33.2,22.6,4,1,1,33,Cleveland Cavaliers, SF,13041250,15209956,15209956
2008,91.7,Kobe Bryant,LAL,1,41,41,33,26.8,5.7,5.2,1.3,0.4,3.0,56.8,1.3,0.003,31.3,16.1,10,1,1,5,Los Angeles Lakers, SF,19490625,22731835,22731835
2008,91.7,Danny Granger,IND,14,39,42,13,26.2,5.1,3.4,1.0,1.4,2.6,58.4,2.7,0.002,28.8,13.3,0,0,1,295,Indiana Pacers, SF,1516800,1769037,1769037
2008,91.7,Dirk Nowitzki,DAL,9,41,42,23,26.0,8.5,2.5,0.7,0.8,2.1,56.8,0.9,0.002,29.3,16.4,7,1,1,13,Dallas Mavericks, F,16360094,19080710,19080710
2008,91.7,Chris Bosh,TOR,13,44,44,16,23.3,9.9,2.6,0.7,0.8,2.2,58.4,0.2,0.002,26.8,15.6,3,1,1,32,Toronto Raptors, PF,13041250,15209956,15209956
2008,91.7,Brandon Roy,POR,6,38,42,23,22.3,4.7,5.2,1.0,0.4,1.9,55.8,0.9,0.002,27.5,14.9,1,1,1,211,Portland Trail Blazers, SG,2883120,3362570,3362570
2008,91.7,Joe Johnson,ATL,4,41,41,25,22.0,4.5,6.0,1.0,0.4,2.3,52.9,2.1,0.003,26.6,12.6,2,1,1,25,Atlanta Hawks, G,13488378,15731439,15731439
2008,91.7,Devin Harris,NJN,9,36,42,18,21.8,3.0,6.4,1.5,0.2,2.8,57.2,0.9,0.001,27.4,14.2,0,0,1,168,New Jersey Nets, G,3995003,4659355,4659355
2008,91.7,Amar'e Stoudemire,PHX,8,40,40,23,21.3,8.0,2.2,1.1,1.1,2.8,61.9,0.1,0.002,24.4,13.8,3,1,1,21,Phoenix Suns, C,13762775,16051467,16051467
2008,91.7,Chris Paul,NOH,3,39,39,26,21.2,5.5,11.0,2.7,0.2,2.9,60.5,0.7,0.004,25.7,21.3,1,1,1,179,New Orleans Hornets, PG,3615960,4217279,4217279
2008,91.7,Tony Parker,SAS,2,32,41,21,20.4,2.8,6.7,0.9,0.1,2.5,55.0,0.3,0.002,30.3,14.5,2,0,1,47,San Antonio Spurs, G,10500000,12246106,12246106
2008,91.7,Tim Duncan,SAS,2,41,41,28,20.4,10.2,3.5,0.5,1.8,2.1,55.7,0.0,0.003,28.4,16.4,10,1,1,6,San Antonio Spurs, C,19014188,22176168,22176168
2008,91.7,Dwight Howard,ORL,1,39,41,31,20.2,14.1,1.4,1.0,3.2,2.8,59.0,0.0,0.004,25.1,17.1,2,1,1,105,Orlando Magic, C,6061274,7069238,7069238
2008,91.7,David West,NOH,3,37,39,24,20.0,7.1,1.9,0.7,1.0,2.0,54.8,0.1,0.003,25.2,12.5,1,1,1,45,New Orleans Hornets, F,10650000,12421051,12421051
2008,91.7,Yao Ming,HOU,5,42,43,27,19.9,9.6,1.8,0.4,1.7,3.1,62.2,0.0,0.003,26.1,16.1,6,1,1,22,Houston Rockets, C,13762775,16051467,16051467
2008,91.7,Paul Pierce,BOS,3,44,44,35,19.1,5.7,3.7,1.1,0.3,2.8,58.4,1.6,0.004,24.1,13.2,6,1,1,12,Boston Celtics, SF,16360094,19080710,19080710
2008,91.7,Rashard Lewis,ORL,1,41,41,33,19.1,5.9,2.6,1.3,0.6,2.1,58.9,3.0,0.004,22.2,12.6,1,0,1,19,Orlando Magic, PF,14884951,17360256,17360256
2008,91.7,Chauncey Billups,DEN,4,41,43,29,18.6,2.7,6.9,1.4,0.2,2.2,59.1,2.0,0.002,22.3,13.7,3,1,1,53,Detroit Pistons, PG,10000000,11662958,11662958
2008,91.7,Ray Allen,BOS,3,44,44,35,18.1,3.4,2.7,0.9,0.1,1.7,64.2,2.5,0.004,19.8,12.4,8,1,1,15,Boston Celtics, SG,16000000,18660733,18660733
2008,91.7,Allen Iverson,DET,5,40,41,21,17.9,3.3,5.4,1.6,0.1,2.8,51.0,0.6,0.004,25.1,11.7,9,1,1,7,Denver Nuggets, SG,19012500,22174200,22174200
2008,91.7,Shaquille O'Neal,PHX,8,33,40,21,17.8,9.1,1.8,0.4,1.6,2.1,61.4,0.0,0.001,24.8,13.9,14,0,1,2,Phoenix Suns, C,21000000,24492213,24492213
2008,91.7,Pau Gasol,LAL,1,40,41,32,17.5,9.3,3.5,0.4,0.9,2.0,61.1,0.0,0.003,20.0,14.5,1,0,1,23,Memphis Grizzlies, PF,13735000,16019073,16019073
2008,91.7,Jameer Nelson,ORL,1,36,41,29,17.1,3.4,5.4,1.2,0.1,1.9,61.4,1.9,0.004,22.6,14.2,0,0,1,257,Orlando Magic, G,1961609,2287816,2287816
2008,91.7,Mo Williams,CLE,2,40,40,32,16.4,3.2,3.9,0.8,0.1,2.4,58.7,1.7,0.004,22.7,11.6,0,0,1,85,Milwaukee Bucks, PG,7750000,9038793,9038793
2008,91.7,Kevin Garnett,BOS,3,43,44,34,16.1,9.2,2.6,1.2,1.3,1.7,55.8,0.0,0.004,22.9,17.0,11,1,1,1,Boston Celtics, PF,23751934,27701782,27701782
2009,92.7,Carmelo Anthony,DEN,2,37,42,25,29.7,6.4,3.3,1.3,0.4,3.1,57.3,0.9,0.003,33.4,15.5,2,0,1,26,Denver Nuggets, PF,14410581,16867010,16867010
2009,92.7,LeBron James,CLE,1,44,44,33,29.7,7.1,7.8,1.6,1.0,3.6,61.1,1.7,0.003,33.0,22.0,5,1,1,29,Cleveland Cavaliers, SF,14410581,16867010,16867010
2009,92.7,Kevin Durant,OKC,7,42,42,24,29.2,7.2,3.0,1.3,0.8,3.9,60.3,1.5,0.004,31.0,17.7,0,0,1,165,Oklahoma City Thunder, SF,4484040,5248389,5248389
2009,92.7,Kobe Bryant,LAL,1,42,42,32,28.4,5.2,4.5,1.8,0.3,2.9,54.3,1.2,0.004,33.0,15.4,11,1,1,4,Los Angeles Lakers, SF,21262500,24886908,24886908
2009,92.7,Dwyane Wade,MIA,6,41,41,21,26.9,4.8,6.0,1.8,1.2,3.3,54.3,0.9,0.003,34.2,16.7,5,1,1,27,Miami Heat, G,14410581,16867010,16867010
2009,92.7,Dirk Nowitzki,DAL,2,41,42,27,25.5,7.9,2.5,1.0,1.2,2.0,57.1,0.7,0.004,28.9,16.4,8,1,1,11,Dallas Mavericks, F,18077904,21159465,21159465
2009,92.7,Chris Bosh,TOR,7,43,43,21,24.2,11.2,2.1,0.6,1.0,2.3,60.4,0.1,0.001,28.5,17.6,4,1,1,28,Toronto Raptors, PF,14410581,16867010,16867010
2009,92.7,Brandon Roy,POR,5,40,43,24,23.1,4.6,5.0,1.0,0.1,2.2,58.1,1.4,0.002,27.3,15.4,2,1,1,217,Portland Trail Blazers, SG,3084240,3609979,3609979
2009,92.7,Joe Johnson,ATL,3,41,41,27,21.2,4.9,4.9,1.0,0.0,2.1,53.4,1.8,0.002,26.7,12.4,3,1,1,30,Atlanta Hawks, G,14232567,16658651,16658651
2009,92.7,Amar'e Stoudemire,PHX,6,43,43,25,21.0,8.7,1.0,0.8,1.0,2.6,61.4,0.0,0.001,24.7,12.4,4,1,1,18,Phoenix Suns, C,15070550,17639477,17639477
2009,92.7,Zach Randolph,MEM,10,41,41,22,20.8,11.5,2.0,0.9,0.4,2.2,55.9,0.1,0.001,24.1,14.2,0,0,1,22,New York Knicks, F,14666667,17166748,17166748
2009,92.7,Chris Kaman,LAC,12,38,42,19,20.4,9.2,1.8,0.6,1.4,2.9,54.1,0.0,0.003,26.9,13.1,0,0,1,68,LA Clippers, C,9500000,11119371,11119371
2009,92.7,Tim Duncan,SAS,4,38,41,22,19.8,10.4,3.2,0.6,1.9,2.0,58.5,0.0,0.003,27.2,19.2,11,1,1,8,San Antonio Spurs, C,20598704,24109961,24109961
2009,92.7,Chris Paul,NOH,10,33,41,18,19.6,4.6,11.3,2.2,0.2,2.3,58.4,1.1,0.002,23.0,18.0,2,1,1,159,New Orleans Hornets, PG,4574189,5353905,5353905
2009,92.7,Deron Williams,UTA,7,38,42,22,19.3,3.9,9.6,1.1,0.2,3.3,58.6,1.3,0.003,24.0,14.6,0,0,1,146,Utah Jazz, PG,5069449,5933587,5933587
2009,92.7,David Lee,NYK,10,41,41,17,19.1,11.2,3.4,1.0,0.3,2.3,59.5,0.0,0.002,22.4,16.1,0,0,1,283,New York Knicks, PF,1788033,2092821,2092821
2009,92.7,Derrick Rose,CHI,8,40,40,18,19.1,3.8,6.0,0.8,0.4,2.9,50.1,0.1,0.003,26.5,12.8,0,0,1,153,Chicago Bulls, PG,4822800,5644895,5644895
2009,92.7,Chauncey Billups,DEN,2,34,42,25,18.9,2.8,5.7,1.2,0.1,2.3,62.2,2.2,0.002,23.5,14.7,4,1,1,50,Detroit Pistons, PG,11050000,12933584,12933584
2009,92.7,Paul Pierce,BOS,2,35,40,25,18.7,4.9,3.7,1.3,0.4,2.3,61.9,1.9,0.004,22.5,13.4,7,1,1,12,Boston Celtics, SF,18077903,21159464,21159464
2009,92.7,Steve Nash,PHX,6,43,43,25,18.6,3.1,11.2,0.4,0.2,3.9,64.7,1.6,0.001,23.6,16.5,6,0,1,40,Phoenix Suns, PG,12250000,14338136,14338136
2009,92.7,Gerald Wallace,CHA,5,39,40,21,18.6,11.3,1.9,1.7,1.2,2.4,58.0,0.7,0.005,20.4,15.5,0,0,1,69,Charlotte Bobcats, SF,9500000,11119371,11119371
2009,92.7,Dwight Howard,ORL,4,42,42,27,17.3,13.0,1.5,1.1,2.4,3.5,62.8,0.0,0.003,23.0,15.5,3,1,1,34,Orlando Magic, C,13758000,16103190,16103190
2009,92.7,Pau Gasol,LAL,1,25,42,21,16.8,11.2,3.2,0.4,1.6,2.0,61.0,0.0,0.004,19.0,16.2,2,1,1,16,Los Angeles Lakers, PF,15106000,17680970,17680970
2009,92.7,Kevin Garnett,BOS,2,29,40,22,15.0,7.6,2.5,1.0,0.9,1.6,59.1,0.0,0.004,21.3,16.0,12,1,1,1,Boston Celtics, PF,24751934,28971151,28971151
2009,92.7,Allen Iverson,PHI,14,19,41,6,14.4,2.6,4.4,0.6,0.1,2.3,54.9,0.3,0.002,21.8,9.7,10,1,1,6,Detroit Pistons, SG,20840625,24393120,24393120
2009,92.7,Rajon Rondo,BOS,2,39,40,26,14.0,4.1,9.6,2.5,0.2,2.9,54.9,0.2,0.004,19.5,14.7,0,0,1,314,Boston Celtics, PG,1315080,1539248,1539248
2009,92.7,Al Horford,ATL,3,41,41,27,13.7,9.8,2.2,0.8,1.3,1.4,61.7,0.0,0.003,16.7,13.6,0,0,1,176,Atlanta Hawks, PF,4023720,4709603,4709603
2009,92.7,Jason Kidd,DAL,2,42,42,28,8.9,5.3,9.2,1.6,0.5,2.2,56.5,1.9,0.003,12.7,13.0,9,0,1,2,Dallas Mavericks, PG,21372000,25015073,25015073
2010,92.1,Kevin Durant,OKC,3,38,42,24,28.2,6.2,2.9,1.1,1.0,3.2,59.1,1.7,0.002,30.2,15.1,1,1,1,150,Oklahoma City Thunder, SF,4796880,5523948,5523948
2010,92.1,Amar'e Stoudemire,NYK,6,42,42,22,26.2,9.0,2.6,1.0,2.3,3.6,56.5,0.2,0.001,31.4,14.0,5,1,1,14,Phoenix Suns, C,16378325,18860806,18860806
2010,92.1,LeBron James,MIA,2,41,43,30,25.6,7.1,7.2,1.5,0.4,3.8,57.8,1.4,0.004,31.0,19.2,6,1,1,23,Cleveland Cavaliers, SF,15779912,18171691,18171691
2010,92.1,Dwyane Wade,MIA,2,41,43,29,25.1,6.5,4.2,1.4,1.1,3.0,57.5,0.9,0.003,31.0,16.1,6,1,1,21,Miami Heat, G,15779912,18171691,18171691
2010,92.1,Kobe Bryant,LAL,2,45,45,32,25.0,5.1,4.8,1.3,0.1,2.9,55.5,1.3,0.002,33.6,15.5,12,1,1,1,Los Angeles Lakers, SF,23034375,26525721,26525721
2010,92.1,Derrick Rose,CHI,3,42,43,29,24.7,4.7,8.0,1.0,0.7,3.5,53.9,1.6,0.004,30.9,16.6,1,1,1,138,Chicago Bulls, PG,5184480,5970297,5970297
2010,92.1,Carmelo Anthony,NYK,6,35,42,21,23.5,8.0,3.0,1.0,0.7,2.7,52.1,0.5,0.002,31.9,13.9,3,1,1,20,Denver Nuggets, PF,15779912,18171691,18171691
2010,92.1,Dirk Nowitzki,DAL,3,33,42,25,23.4,7.2,2.5,0.7,0.7,2.1,62.3,1.0,0.004,27.8,17.4,9,1,1,6,Dallas Mavericks, F,19795714,22796173,22796173
2010,92.1,Blake Griffin,LAC,13,42,42,16,22.6,12.8,3.4,0.7,0.6,2.8,55.4,0.1,0.001,27.0,16.3,0,0,1,146,Detroit Pistons, PF,4983480,5738831,5738831
2010,92.1,Russell Westbrook,OKC,3,42,42,27,22.5,5.0,8.4,1.9,0.4,3.7,53.4,0.3,0.002,30.6,15.4,0,0,1,183,Oklahoma City Thunder, PG,3755640,4324886,4324886
2010,92.1,Dwight Howard,ORL,4,41,43,27,22.1,13.3,1.2,1.2,2.2,3.5,59.6,0.0,0.003,28.1,16.8,4,1,1,24,Orlando Magic, C,15202590,17506864,17506864
2010,92.1,Deron Williams,NJN,14,43,43,27,21.7,3.7,9.4,1.2,0.2,3.3,60.1,1.8,0.001,25.8,15.4,1,1,1,29,Utah Jazz, PG,13520500,15569817,15569817
2010,92.1,Kevin Love,MIN,14,43,43,10,21.3,15.6,2.5,0.6,0.3,2.3,58.6,1.4,0.001,23.3,17.8,0,0,1,199,Minnesota Timberwolves, PF,3401040,3916539,3916539
2010,92.1,Joe Johnson,ATL,5,35,44,23,19.3,4.1,5.5,0.6,0.1,1.8,51.4,1.4,0.003,26.4,12.0,4,1,1,25,Atlanta Hawks, G,14976754,17246797,17246797
2010,92.1,Paul Pierce,BOS,1,42,42,33,19.1,5.1,3.4,1.0,0.6,1.8,63.3,1.5,0.004,22.8,14.4,8,1,1,7,Boston Celtics, SF,19795712,22796170,22796170
2010,92.1,Manu Ginobili,SAS,1,43,43,37,18.9,3.9,4.8,1.8,0.4,2.4,59.6,2.2,0.003,24.8,14.3,1,0,1,52,San Antonio Spurs, G,10728130,12354205,12354205
2010,92.1,Chris Bosh,MIA,2,42,43,30,18.6,8.2,1.9,0.8,0.7,1.7,56.5,0.1,0.004,23.6,14.3,5,1,1,22,Toronto Raptors, PF,15779912,18171691,18171691
2010,92.1,Pau Gasol,LAL,2,45,45,32,18.6,10.6,3.8,0.7,1.9,1.9,57.8,0.0,0.003,21.4,15.8,3,1,1,11,Los Angeles Lakers, PF,16452000,18945648,18945648
2010,92.1,Ray Allen,BOS,1,42,42,33,17.3,3.7,3.1,0.9,0.1,1.6,63.3,2.2,0.004,19.6,12.2,9,0,1,8,Boston Celtics, SG,18776860,21622890,21622890
2010,92.1,Chris Paul,NOH,5,44,44,28,16.3,4.0,9.7,2.7,0.1,2.3,60.6,1.0,0.003,20.8,18.6,3,1,1,28,New Orleans Hornets, PG,13520500,15569817,15569817
2010,92.1,Al Horford,ATL,5,43,44,28,16.2,9.7,3.4,0.8,1.1,1.4,59.7,0.0,0.003,20.4,16.3,1,1,1,164,Atlanta Hawks, PF,4307640,4960553,4960553
2010,92.1,Kevin Garnett,BOS,1,33,42,27,15.2,9.2,2.1,1.7,0.7,1.5,58.0,0.0,0.004,21.9,17.1,13,1,1,13,Boston Celtics, PF,16417044,18905394,18905394
2010,92.1,Tim Duncan,SAS,1,43,43,37,13.7,9.7,3.1,0.7,2.1,1.8,52.8,0.0,0.003,22.2,15.6,12,1,1,4,San Antonio Spurs, C,22183220,25545556,25545556
2010,92.1,Rajon Rondo,BOS,1,31,42,26,10.5,4.6,13.1,2.4,0.2,3.9,52.9,0.2,0.004,17.4,14.2,1,1,1,254,Boston Celtics, PG,2094923,2412452,2412452
2010,92.1,Yao Ming,HOU,11,5,44,1,10.2,5.4,0.8,0.0,1.6,1.4,57.9,0.0,0.0,24.1,13.3,7,0,1,15,Houston Rockets, C,16378325,18860806,18860806
2011,91.3,Kobe Bryant,LAL,6,17,17,10,30.4,5.5,5.7,1.4,0.4,3.7,54.0,1.2,0.008,37.4,18.2,13,1,1,1,Los Angeles Lakers, SF,24806250,27692054,27692054
2011,91.3,LeBron James,MIA,2,14,15,10,29.8,8.0,7.4,2.1,1.0,3.9,63.1,0.6,0.008,32.5,23.1,7,1,1,22,Miami Heat, SF,14500000,16186839,16186839
2011,91.3,Kevin Durant,OKC,1,16,16,13,26.1,7.4,3.3,1.2,1.2,3.7,59.3,1.6,0.006999999999999999,31.3,18.6,2,1,1,120,Oklahoma City Thunder, SF,6053663,6757908,6757908
2011,91.3,Carmelo Anthony,NYK,8,15,16,6,25.7,6.8,4.2,1.4,0.4,3.4,51.2,1.5,0.006,34.6,15.4,4,1,1,13,New York Knicks, PF,17149243,19144278,19144278
2011,91.3,Kevin Love,MIN,11,16,16,7,24.1,14.1,1.8,1.0,0.6,2.9,54.1,1.8,0.006999999999999999,28.3,17.3,1,1,1,189,Minnesota Timberwolves, PF,3638280,4061534,4061534
2011,91.3,LaMarcus Aldridge,POR,9,16,16,9,23.3,8.8,2.6,1.3,0.8,1.8,54.0,0.1,0.009000000000000001,27.6,15.4,0,0,1,48,Portland Trail Blazers, PF,11244000,12552056,12552056
2011,91.3,Blake Griffin,LAC,4,13,13,8,21.2,11.7,2.9,1.0,0.5,3.0,52.5,0.1,0.005,28.5,14.4,1,1,1,132,LA Clippers, PF,5357280,5980512,5980512
2011,91.3,Derrick Rose,CHI,1,13,18,11,20.8,3.5,8.7,0.9,0.5,3.2,55.5,1.6,0.009000000000000001,26.8,16.0,2,1,1,127,Chicago Bulls, PG,5546160,6191365,6191365
2011,91.3,Russell Westbrook,OKC,1,16,16,13,20.6,4.9,5.6,1.8,0.2,3.5,51.8,0.6,0.008,31.3,14.8,1,1,1,173,Oklahoma City Thunder, PG,4017720,4485116,4485116
2011,91.3,Chris Bosh,MIA,2,15,15,11,20.3,8.0,2.1,1.1,1.1,2.3,57.4,0.3,0.01,24.6,14.7,6,1,1,21,Miami Heat, PF,14500000,16186839,16186839
2011,91.3,Dwight Howard,ORL,2,15,15,11,20.2,16.1,2.4,1.4,2.3,3.3,55.9,0.0,0.009000000000000001,25.7,17.1,5,1,1,14,Orlando Magic, C,16647180,18583809,18583809
2011,91.3,Dwyane Wade,MIA,2,9,15,5,19.6,4.3,5.4,2.0,1.7,3.2,49.0,0.0,0.008,29.4,12.0,7,1,1,25,Miami Heat, G,14200000,15851939,15851939
2011,91.3,Joe Johnson,ATL,5,17,17,12,18.6,3.8,3.8,0.9,0.4,1.5,53.7,2.2,0.009000000000000001,23.8,11.8,5,1,1,17,Atlanta Hawks, G,16324500,18223590,18223590
2011,91.3,Deron Williams,NJN,11,15,16,4,18.1,3.5,8.2,1.1,0.3,4.2,49.7,1.9,0.0,27.7,11.4,2,1,1,20,Utah Jazz, PG,14940153,16678197,16678197
2011,91.3,Chris Paul,LAC,4,9,13,6,18.0,3.0,8.4,2.8,0.0,2.2,59.9,1.1,0.005,20.9,16.3,4,1,1,19,New Orleans Hornets, PG,14940153,16678197,16678197
2011,91.3,Tony Parker,SAS,6,17,17,10,17.6,3.1,7.6,1.1,0.1,2.5,50.3,0.1,0.006,27.3,14.4,3,0,1,31,San Antonio Spurs, G,13500000,15070505,15070505
2011,91.3,Dirk Nowitzki,DAL,6,16,17,9,17.5,5.4,2.3,0.8,0.6,1.7,54.2,0.5,0.008,25.5,13.8,10,1,1,12,Dallas Mavericks, F,17278618,19288704,19288704
2011,91.3,Luol Deng,CHI,1,18,18,15,15.9,7.5,2.6,1.2,0.8,1.7,50.0,0.9,0.011,20.8,12.0,0,0,1,47,Chicago Bulls, F,11345000,12664806,12664806
2011,91.3,Andrew Bynum,LAL,6,13,17,8,15.8,13.6,1.3,0.5,1.9,2.5,54.5,0.0,0.009000000000000001,22.3,16.1,0,0,1,28,Los Angeles Lakers, C,13700000,15293772,15293772
2011,91.3,Marc Gasol,MEM,5,15,15,9,15.2,10.6,3.1,1.1,2.6,1.9,59.1,0.1,0.013,17.5,16.4,0,0,1,191,Memphis Grizzlies, C,3573333,3989032,3989032
2011,91.3,Rajon Rondo,BOS,9,13,14,5,15.0,5.1,9.4,1.7,0.0,3.8,55.5,0.2,0.008,22.3,14.2,2,1,1,69,Boston Celtics, PG,9090911,10148490,10148490
2011,91.3,Steve Nash,PHX,12,14,15,6,14.8,1.9,10.0,0.6,0.0,3.4,63.8,1.2,0.006,21.9,16.4,7,0,1,60,Phoenix Suns, PG,10310938,11510448,11510448
2011,91.3,Paul Pierce,BOS,9,11,14,5,14.6,4.7,4.1,0.8,0.5,2.5,52.1,1.6,0.01,24.9,11.9,9,1,1,27,Boston Celtics, SF,13876321,15490605,15490605
2011,91.3,Andre Iguodala,PHI,6,16,16,11,13.6,6.3,4.3,2.0,0.6,2.0,55.2,1.3,0.012,19.3,14.7,0,0,1,39,Philadelphia 76ers, SG,12345250,13781419,13781419
2011,91.3,Roy Hibbert,IND,4,14,14,10,13.6,10.1,1.9,0.4,1.6,2.4,54.8,0.0,0.01,22.5,15.1,0,0,1,288,Indiana Pacers, C,1685280,1881334,1881334
2012,92.0,Kevin Durant,OKC,1,41,41,32,29.5,7.5,4.2,1.6,1.2,3.2,65.2,1.9,0.003,29.5,20.0,3,1,1,18,Oklahoma City Thunder, SF,15506632,16959606,16959606
2012,92.0,Kobe Bryant,LAL,12,41,41,17,29.2,4.9,4.8,1.4,0.2,3.4,57.2,2.2,0.002,32.0,15.1,14,1,1,1,Los Angeles Lakers, SF,25244493,27609906,27609906
2012,92.0,Carmelo Anthony,NYK,2,32,39,22,29.2,6.0,2.6,0.9,0.6,2.5,57.5,2.7,0.002,33.9,14.7,5,1,1,7,New York Knicks, PF,18518574,20253767,20253767
2012,92.0,LeBron James,MIA,1,38,38,26,26.3,8.1,7.0,1.7,0.9,2.8,61.9,1.3,0.003,29.0,21.1,8,1,1,14,Miami Heat, SF,17545000,19188969,19188969
2012,92.0,James Harden,HOU,8,42,43,22,25.9,4.5,5.4,1.9,0.5,3.8,58.2,1.9,0.002,28.8,14.1,0,0,1,152,Oklahoma City Thunder, SG,4604760,5036226,5036226
2012,92.0,Kyrie Irving,CLE,14,31,42,8,23.1,3.6,5.7,1.7,0.4,3.6,56.0,2.0,0.001,29.0,13.8,0,0,1,135,Cleveland Cavaliers, PG,5144280,5626299,5626299
2012,92.0,Russell Westbrook,OKC,1,41,41,32,23.0,5.3,8.3,2.0,0.3,3.4,52.2,1.4,0.003,31.4,15.2,2,1,1,137,Oklahoma City Thunder, PG,5082416,5558639,5558639
2012,92.0,LaMarcus Aldridge,POR,9,39,41,19,20.5,8.9,2.5,1.0,1.3,2.0,51.5,0.0,0.002,25.9,13.0,1,1,1,29,Portland Trail Blazers, PF,14000000,15311802,15311802
2012,92.0,Dwyane Wade,MIA,1,34,38,23,20.1,4.6,4.4,1.4,0.7,2.4,57.0,0.4,0.003,27.7,14.6,8,1,1,17,Miami Heat, G,15691000,17161249,17161249
2012,92.0,Tony Parker,SAS,3,42,44,32,19.7,2.9,7.3,0.9,0.1,2.5,58.0,0.5,0.003,27.2,15.7,4,1,1,35,San Antonio Spurs, G,12500000,13671252,13671252
2012,92.0,David Lee,GSW,5,39,40,24,19.6,10.8,3.7,0.9,0.2,2.7,56.2,0.0,0.003,24.0,14.4,1,0,1,43,Golden State Warriors, PF,11610000,12697859,12697859
2012,92.0,Jrue Holiday,PHI,9,37,41,17,19.2,4.1,8.9,1.5,0.4,3.9,52.6,1.2,0.003,26.5,13.2,0,0,1,240,Philadelphia 76ers, SG,2674852,2925486,2925486
2012,92.0,Brook Lopez,BKN,4,34,41,23,18.5,7.4,0.8,0.6,2.1,1.7,56.0,0.0,0.002,28.4,15.2,0,0,1,214,New Jersey Nets, C,3076983,3365296,3365296
2012,92.0,Blake Griffin,LAC,2,42,42,32,18.0,8.5,3.4,1.5,0.7,2.2,55.9,0.1,0.003,25.2,15.6,2,1,1,120,LA Clippers, PF,5731080,6268083,6268083
2012,92.0,Tim Duncan,SAS,3,42,44,32,17.5,9.8,2.8,0.8,2.7,2.0,55.6,0.0,0.003,27.0,17.6,13,0,1,3,San Antonio Spurs, C,21164619,23147747,23147747
2012,92.0,Chris Bosh,MIA,1,37,38,25,17.5,7.1,1.8,0.8,1.4,1.9,60.9,0.2,0.003,22.9,13.4,7,1,1,13,Miami Heat, PF,17545000,19188969,19188969
2012,92.0,Luol Deng,CHI,5,38,40,23,17.4,6.4,3.0,1.1,0.3,2.2,52.4,0.9,0.004,21.1,11.9,1,1,1,38,Chicago Bulls, F,12325000,13479854,13479854
2012,92.0,Paul George,IND,3,41,42,25,17.2,7.8,3.8,1.8,0.7,2.7,52.7,2.1,0.004,23.4,13.9,0,0,1,252,Indiana Pacers, SG,2406240,2631705,2631705
2012,92.0,Dwight Howard,LAL,12,38,41,17,17.1,12.3,1.7,0.9,2.5,3.2,58.0,0.0,0.002,22.6,13.0,6,1,1,10,Orlando Magic, C,18091770,19786972,19786972
2012,92.0,Chris Paul,LAC,2,39,42,29,16.6,3.5,9.7,2.6,0.1,2.2,58.9,1.2,0.003,21.7,18.0,5,1,1,15,LA Clippers, PG,16359805,17892721,17892721
2012,92.0,Zach Randolph,MEM,4,38,40,25,16.2,11.6,1.3,0.8,0.5,2.0,52.5,0.1,0.004,22.0,14.7,1,0,1,20,Memphis Grizzlies, F,15200000,16624242,16624242
2012,92.0,Kevin Garnett,BOS,8,40,40,20,14.7,7.0,2.1,1.1,0.8,1.7,54.3,0.0,0.004,24.1,15.1,14,0,1,2,Boston Celtics, PF,21247044,23237895,23237895
2012,92.0,Rajon Rondo,BOS,8,35,40,18,13.3,5.1,11.1,1.9,0.3,3.8,52.0,0.3,0.003,20.8,14.3,3,1,1,55,Boston Celtics, PG,10045454,10986714,10986714
2012,92.0,Tyson Chandler,NYK,2,39,39,25,12.2,11.0,0.9,0.7,1.0,1.3,69.7,0.0,0.002,13.8,13.1,0,0,1,31,New York Knicks, C,13107837,14336043,14336043
2012,92.0,Joakim Noah,CHI,5,39,40,23,12.2,10.7,4.0,1.3,2.1,2.8,51.6,0.0,0.004,17.3,13.2,0,0,1,40,Chicago Bulls, C,12000000,13124402,13124402
2013,93.9,Kevin Durant,OKC,2,42,42,32,30.9,7.8,5.1,1.5,0.8,3.2,63.9,2.1,0.003,31.1,21.5,4,1,1,11,Oklahoma City Thunder, SF,17832626,19221990,19221990
2013,93.9,LeBron James,MIA,2,41,42,29,26.2,6.7,6.5,1.3,0.3,3.5,66.1,1.3,0.002,29.3,19.9,9,1,1,8,Miami Heat, SF,19067500,20553075,20553075
2013,93.9,Carmelo Anthony,NYK,10,38,41,15,26.1,9.1,3.0,1.2,0.7,2.3,54.1,1.7,0.002,30.7,16.1,6,1,1,5,New York Knicks, PF,19444503,20959450,20959450
2013,93.9,Kevin Love,MIN,11,40,41,20,25.0,13.0,4.1,0.9,0.4,2.3,58.7,2.4,0.003,26.7,18.7,2,0,1,29,Minnesota Timberwolves, PF,13668750,14733701,14733701
2013,93.9,James Harden,HOU,5,37,43,24,24.3,5.0,5.3,1.4,0.5,3.8,59.8,2.1,0.003,26.6,14.4,1,1,1,119,Houston Rockets, SG,5820417,6273893,6273893
2013,93.9,LaMarcus Aldridge,POR,3,42,42,31,24.2,11.6,2.9,0.9,1.0,1.7,51.9,0.0,0.002,29.1,16.3,2,1,1,31,Portland Trail Blazers, PF,13500000,14551803,14551803
2013,93.9,Stephen Curry,GSW,6,40,43,26,23.5,4.6,9.2,1.9,0.3,4.2,57.6,3.2,0.003,27.4,15.0,0,0,1,187,Golden State Warriors, PG,3958742,4267173,4267173
2013,93.9,Paul George,IND,1,40,40,33,23.2,6.2,3.5,1.9,0.3,2.6,59.0,2.6,0.005,27.7,17.1,1,1,1,260,Indiana Pacers, SG,2574120,2774673,2774673
2013,93.9,Blake Griffin,LAC,4,43,43,29,22.5,10.0,3.4,1.2,0.7,2.9,58.0,0.2,0.003,27.0,15.5,3,1,1,25,LA Clippers, PF,13701250,14768733,14768733
2013,93.9,Kyrie Irving,CLE,10,38,41,14,21.6,2.9,6.1,1.2,0.4,2.8,52.2,1.8,0.001,28.7,12.2,1,1,1,126,Cleveland Cavaliers, PG,5375760,5794592,5794592
2013,93.9,DeMar DeRozan,TOR,4,40,40,20,21.3,4.6,3.7,1.2,0.5,2.2,50.7,0.9,0.003,27.0,12.1,0,0,1,211,Toronto Raptors, SF,3344250,3604805,3604805
2013,93.9,Damian Lillard,POR,3,42,42,31,21.2,3.7,5.8,0.8,0.4,2.3,58.1,3.1,0.002,24.0,12.2,0,0,1,227,Portland Trail Blazers, PG,3065040,3303841,3303841
2013,93.9,Dirk Nowitzki,DAL,7,42,43,24,21.1,5.9,2.9,1.0,0.7,1.4,58.2,1.6,0.003,26.4,15.5,11,0,1,2,Dallas Mavericks, F,20907128,22536031,22536031
2013,93.9,Anthony Davis,NOP,12,34,41,13,20.2,10.3,1.3,1.5,3.0,1.8,57.8,0.0,0.001,24.3,15.2,0,0,1,135,New Orleans Hornets, PF,5144280,5545077,5545077
2013,93.9,John Wall,WAS,4,40,40,20,20.0,4.2,8.5,1.9,0.5,3.5,52.7,1.2,0.003,26.8,13.7,0,0,1,96,Washington Wizards, PG,7459925,8041138,8041138
2013,93.9,Chris Paul,LAC,4,34,43,22,19.6,4.6,11.2,2.4,0.1,2.5,57.8,1.2,0.002,24.2,19.2,6,1,1,10,LA Clippers, PG,18668431,20122914,20122914
2013,93.9,Dwyane Wade,MIA,2,30,42,24,18.9,4.9,4.7,1.8,0.6,2.9,57.9,0.3,0.003,26.5,14.3,9,1,1,9,Miami Heat, G,18673000,20127839,20127839
2013,93.9,Tony Parker,SAS,1,37,41,28,17.9,2.5,6.3,0.5,0.1,2.5,57.0,0.4,0.003,26.1,13.2,5,1,1,39,San Antonio Spurs, G,12500000,13473892,13473892
2013,93.9,Paul Millsap,ATL,3,39,40,21,17.5,8.3,2.9,1.6,1.1,2.4,55.1,1.0,0.003,24.2,13.1,0,0,1,68,Utah Jazz, PF,8603633,9273953,9273953
2013,93.9,Joe Johnson,BKN,7,39,40,18,16.3,3.4,2.9,0.5,0.2,1.2,55.7,2.1,0.002,21.6,10.8,6,0,1,4,Brooklyn Nets, G,19752645,21291600,21291600
2013,93.9,Chris Bosh,MIA,2,41,42,29,16.3,6.7,1.1,0.9,1.0,1.5,60.1,0.7,0.003,22.9,12.8,8,1,1,7,Miami Heat, PF,19067500,20553075,20553075
2013,93.9,Kobe Bryant,LAL,13,6,42,2,13.8,4.3,6.3,1.2,0.2,5.7,50.5,0.5,0.001,29.0,9.7,15,1,1,1,Los Angeles Lakers, SF,30453805,32826502,32826502
2013,93.9,Roy Hibbert,IND,1,40,40,33,12.2,7.9,1.4,0.5,2.6,1.9,52.9,0.1,0.005,20.4,10.9,1,0,1,28,Indiana Pacers, C,13668750,14733701,14733701
2013,93.9,Joakim Noah,CHI,4,39,40,20,11.8,11.2,3.8,1.2,1.3,2.1,52.5,0.0,0.003,17.9,14.6,1,1,1,46,Chicago Bulls, C,11100000,11964816,11964816
2014,93.9,James Harden,HOU,5,43,43,29,27.2,5.5,6.7,1.9,0.9,4.0,61.1,2.7,0.003,31.0,19.2,2,1,1,32,Houston Rockets, SG,13701250,14532980,14532980
2014,93.9,LeBron James,CLE,5,34,43,22,26.0,5.5,7.4,1.4,0.7,4.1,58.7,1.7,0.002,31.0,16.7,10,1,1,9,Miami Heat, SF,19067500,20224987,20224987
2014,93.9,Kevin Durant,OKC,9,19,42,14,25.5,6.9,3.9,0.9,0.9,3.0,65.4,2.2,0.003,28.7,20.9,5,1,1,15,Oklahoma City Thunder, SF,17832627,18915152,18915152
2014,93.9,Russell Westbrook,OKC,9,28,42,18,25.1,6.1,7.4,2.3,0.1,3.9,52.6,0.8,0.003,36.6,17.7,3,0,1,23,Oklahoma City Thunder, PG,14693906,15585895,15585895
2014,93.9,Anthony Davis,NOP,10,38,42,20,24.3,10.4,1.6,1.5,2.9,1.4,61.7,0.0,0.003,25.9,19.7,1,1,1,114,New Orleans Pelicans, PF,5375760,5702094,5702094
2014,93.9,DeMarcus Cousins,SAC,12,30,42,14,24.0,12.7,3.2,1.3,1.7,4.2,56.0,0.0,0.003,33.4,18.8,0,0,1,129,Sacramento Kings, C,4916974,5215457,5215457
2014,93.9,Carmelo Anthony,NYK,15,33,43,7,24.0,6.7,3.1,0.9,0.4,2.4,53.9,1.5,0.0,31.4,14.1,7,1,1,5,New York Knicks, PF,21388953,22687364,22687364
2014,93.9,LaMarcus Aldridge,POR,2,38,43,28,23.2,10.2,1.9,0.7,1.2,1.8,52.4,0.6,0.003,29.3,15.4,3,1,1,20,Portland Trail Blazers, PF,14878000,15781165,15781165
2014,93.9,Stephen Curry,GSW,1,40,40,34,23.2,4.8,8.1,2.1,0.2,3.2,63.8,3.0,0.004,26.9,18.1,1,1,1,57,Golden State Warriors, PG,9887642,10487868,10487868
2014,93.9,Blake Griffin,LAC,6,42,42,28,23.0,7.6,5.0,0.9,0.4,2.3,54.9,0.2,0.002,29.1,14.4,4,1,1,17,LA Clippers, PF,16441500,17439577,17439577
2014,93.9,Kobe Bryant,LAL,14,35,43,10,22.3,5.7,5.6,1.3,0.2,3.7,47.7,1.5,0.0,33.7,11.8,16,1,1,1,Los Angeles Lakers, SF,30453805,32302495,32302495
2014,93.9,Damian Lillard,POR,2,43,43,31,22.1,4.7,6.2,1.4,0.2,2.6,57.8,2.7,0.003,25.9,14.9,1,1,1,182,Portland Trail Blazers, PG,3202920,3397352,3397352
2014,93.9,Klay Thompson,GSW,1,39,40,34,21.9,3.6,3.1,1.3,0.9,2.0,60.1,3.0,0.004,26.7,13.4,0,0,1,224,Golden State Warriors, SG,2317920,2458628,2458628
2014,93.9,Dwyane Wade,MIA,7,32,42,13,21.8,4.0,5.5,1.1,0.5,3.2,54.7,0.5,0.001,33.4,15.4,10,1,1,10,Miami Heat, G,18673000,19806539,19806539
2014,93.9,Chris Bosh,MIA,7,34,42,15,21.3,7.7,2.1,1.0,0.6,2.2,56.4,1.5,0.002,28.1,15.3,9,1,1,8,Miami Heat, PF,19067500,20224987,20224987
2014,93.9,Kyrie Irving,CLE,5,40,43,22,21.0,3.1,5.3,1.6,0.3,2.3,56.4,1.7,0.002,24.3,12.0,2,1,1,112,Cleveland Cavaliers, PG,5607240,5947626,5947626
2014,93.9,Jimmy Butler,CHI,4,40,43,25,20.6,6.0,3.3,1.8,0.7,1.5,58.3,1.1,0.002,21.1,13.3,0,0,1,302,Chicago Bulls, SF,1112880,1180437,1180437
2014,93.9,Kyle Lowry,TOR,3,42,42,27,19.8,4.9,7.5,1.6,0.2,2.6,53.7,1.8,0.002,26.2,14.2,0,0,1,104,Toronto Raptors, PG,6210000,6586976,6586976
2014,93.9,Marc Gasol,MEM,3,42,42,30,19.3,8.2,3.7,0.9,1.7,2.4,57.0,0.0,0.003,25.1,15.9,1,0,1,21,Memphis Grizzlies, C,14860523,15762627,15762627
2014,93.9,Pau Gasol,CHI,4,40,43,26,18.7,11.4,2.7,0.4,2.1,2.2,54.2,0.1,0.002,24.3,16.0,4,0,1,7,Los Angeles Lakers, PF,19285850,20456592,20456592
2014,93.9,Dirk Nowitzki,DAL,4,40,43,28,18.7,6.0,2.0,0.5,0.5,1.1,57.2,1.3,0.002,25.8,14.6,12,1,1,2,Dallas Mavericks, F,22721381,24100676,24100676
2014,93.9,Chris Paul,LAC,6,42,42,28,17.6,4.6,9.6,1.9,0.2,2.1,58.0,1.6,0.002,22.3,16.1,7,1,1,11,LA Clippers, PG,18668431,19801693,19801693
2014,93.9,Jeff Teague,ATL,1,39,43,31,17.2,2.7,7.4,1.8,0.5,2.6,58.6,1.1,0.003,24.8,14.7,0,0,1,77,Atlanta Hawks, PG,8000000,8485638,8485638
2014,93.9,John Wall,WAS,2,43,43,29,17.0,4.3,10.0,2.1,0.6,3.7,53.3,0.8,0.004,24.5,15.4,1,1,1,88,Washington Wizards, PG,7459925,7912777,7912777
2014,93.9,Paul Millsap,ATL,1,42,43,34,16.8,7.9,3.1,1.7,0.9,2.4,56.6,1.0,0.003,23.3,13.0,1,1,1,60,Atlanta Hawks, PF,9500000,10076695,10076695
2014,93.9,Al Horford,ATL,1,41,43,33,15.1,6.6,3.2,0.7,1.4,1.2,56.7,0.1,0.003,21.8,14.2,2,0,1,41,Atlanta Hawks, PF,12000000,12728457,12728457
2014,93.9,Tim Duncan,SAS,7,38,43,25,14.9,10.1,3.2,1.0,2.0,2.0,53.3,0.0,0.003,23.6,15.6,14,0,1,53,San Antonio Spurs, C,10361446,10990435,10990435
2014,93.9,Kyle Korver,ATL,1,42,43,34,13.1,4.2,2.9,0.7,0.5,1.5,74.1,3.1,0.003,14.1,10.8,0,0,1,92,Atlanta Hawks, SG,6760563,7170961,7170961
2015,95.8,Stephen Curry,GSW,1,41,43,38,29.9,5.3,6.5,2.1,0.1,3.4,67.7,4.8,0.004,31.2,20.5,2,1,1,53,Golden State Warriors, PG,10629213,11261090,11261090
2015,95.8,James Harden,HOU,7,44,44,22,27.6,6.0,6.9,1.5,0.6,4.7,58.0,2.7,0.001,32.4,16.2,3,1,1,28,Houston Rockets, SG,14728844,15604432,15604432
2015,95.8,Kevin Durant,OKC,3,37,44,29,26.5,7.8,4.4,1.0,1.2,2.9,63.5,2.3,0.003,28.4,19.6,6,1,1,10,Oklahoma City Thunder, SF,18995624,20124860,20124860
2015,95.8,DeMarcus Cousins,SAC,8,34,42,18,26.1,11.4,2.8,1.4,1.3,3.5,53.8,1.2,0.003,34.6,15.9,1,1,1,26,Sacramento Kings, C,14746000,15622608,15622608
2015,95.8,LeBron James,CLE,1,40,41,30,25.0,7.1,6.2,1.4,0.7,3.3,57.2,1.2,0.004,31.3,18.7,11,1,1,6,Cleveland Cavaliers, SF,20644400,21871652,21871652
2015,95.8,Russell Westbrook,OKC,3,44,44,32,24.0,7.1,9.8,2.5,0.3,4.3,55.3,1.2,0.003,32.7,19.6,4,1,1,19,Oklahoma City Thunder, PG,15719062,16653516,16653516
2015,95.8,Paul George,IND,5,42,42,23,23.7,7.4,4.0,2.0,0.3,3.9,55.9,2.9,0.003,30.1,15.4,2,0,1,15,Indiana Pacers, SG,15937290,16884717,16884717
2015,95.8,Anthony Davis,NOP,12,37,42,15,23.4,10.4,1.7,1.3,2.4,2.1,55.9,0.5,0.002,28.4,16.4,2,1,1,117,New Orleans Pelicans, PF,5607240,5940574,5940574
2015,95.8,DeMar DeRozan,TOR,2,42,42,27,23.1,4.5,4.2,1.0,0.3,2.3,54.3,0.5,0.002,28.5,13.6,1,0,1,57,Toronto Raptors, SF,10100000,10700416,10700416
2015,95.8,Jimmy Butler,CHI,4,41,41,24,22.4,5.0,4.3,1.8,0.8,2.1,56.7,1.1,0.003,24.6,13.9,1,1,1,268,Chicago Bulls, SF,2008748,2128162,2128162
2015,95.8,Isaiah Thomas,BOS,8,43,43,22,21.7,3.0,6.7,1.2,0.1,2.8,56.0,2.0,0.003,28.4,14.9,0,0,1,88,Phoenix Suns, PG,7238606,7668920,7668920
2015,95.8,Carmelo Anthony,NYK,9,40,44,22,21.7,7.6,4.0,0.9,0.5,2.5,53.2,1.4,0.002,28.9,14.5,8,1,1,3,New York Knicks, PF,22458401,23793490,23793490
2015,95.8,Kyle Lowry,TOR,2,42,42,27,20.9,5.0,6.5,2.3,0.5,3.0,57.2,2.7,0.003,25.8,15.0,1,1,1,41,Toronto Raptors, PG,12000000,12713366,12713366
2015,95.8,Klay Thompson,GSW,1,41,43,37,20.6,3.9,2.3,0.5,0.8,1.8,58.9,3.1,0.003,25.1,10.8,1,1,1,207,Golden State Warriors, SG,3075880,3258732,3258732
2015,95.8,Kawhi Leonard,SAS,2,41,43,35,20.1,6.9,2.6,1.9,0.9,1.4,61.4,1.8,0.005,24.0,16.9,0,0,1,223,San Antonio Spurs, SF,2894059,3066102,3066102
2015,95.8,John Wall,WAS,10,41,41,20,19.9,4.2,9.7,2.1,0.7,4.4,51.8,1.5,0.002,28.4,14.0,2,1,1,25,Washington Wizards, PG,14746000,15622608,15622608
2015,95.8,Chris Bosh,MIA,6,43,43,23,18.9,7.7,2.4,0.8,0.7,1.4,58.1,1.6,0.003,24.2,16.2,10,1,1,5,Miami Heat, PF,20644400,21871652,21871652
2015,95.8,Chris Paul,LAC,4,37,42,25,18.5,3.8,9.6,2.1,0.2,2.8,56.1,1.4,0.002,26.0,16.6,8,1,1,7,LA Clippers, PG,20068563,21261583,21261583
2015,95.8,Paul Millsap,ATL,3,44,44,26,18.4,8.8,3.5,1.9,1.4,2.3,58.4,0.8,0.002,24.1,15.0,2,1,1,62,Atlanta Hawks, PF,9500000,10064748,10064748
2015,95.8,Dwyane Wade,MIA,6,40,43,21,18.1,4.1,4.6,0.9,0.5,2.6,51.3,0.2,0.002,30.6,13.1,11,1,1,21,Miami Heat, G,15000000,15891708,15891708
2015,95.8,Andre Drummond,DET,6,43,43,23,17.7,15.5,0.9,1.8,1.5,2.2,49.9,0.0,0.003,24.7,14.8,0,0,1,236,Detroit Pistons, C,2568360,2721041,2721041
2015,95.8,Kobe Bryant,LAL,15,36,44,7,16.3,4.0,3.5,0.9,0.2,2.2,44.8,1.7,0.0,29.3,7.9,17,1,1,1,Los Angeles Lakers, SF,23500000,24897009,24897009
2015,95.8,Pau Gasol,CHI,4,39,41,23,16.3,10.8,3.1,0.6,2.2,1.9,51.5,0.2,0.003,24.2,16.1,5,1,1,90,Chicago Bulls, PF,7128000,7551739,7551739
2015,95.8,LaMarcus Aldridge,SAS,2,40,43,34,15.9,8.9,1.3,0.3,0.9,1.4,52.9,0.0,0.004,25.1,13.6,4,1,1,14,Portland Trail Blazers, PF,16006000,16957512,16957512
2015,95.8,Al Horford,ATL,3,44,44,26,15.3,7.0,2.9,0.8,1.5,1.3,55.7,1.0,0.003,21.3,13.3,3,1,1,42,Atlanta Hawks, PF,12000000,12713366,12713366
2015,95.8,Draymond Green,GSW,1,42,43,39,14.5,9.5,7.4,1.3,1.3,2.8,56.8,1.5,0.004,19.2,14.2,0,0,1,399,Golden State Warriors, PF,915243,969651,969651
2016,96.4,Russell Westbrook,OKC,6,44,44,25,30.6,10.6,10.4,1.5,0.3,5.5,54.2,2.0,0.003,40.7,22.3,5,1,1,18,Oklahoma City Thunder, PG,16744218,17518615,17518615
2016,96.4,Isaiah Thomas,BOS,3,39,43,25,29.0,2.7,6.0,0.8,0.1,2.5,61.7,3.1,0.001,33.1,15.9,1,1,1,111,Boston Celtics, PG,6912869,7232579,7232579
2016,96.4,James Harden,HOU,3,47,47,34,28.7,8.2,11.6,1.4,0.5,5.8,61.6,3.1,0.002,33.0,19.4,4,1,1,28,Houston Rockets, SG,15756438,16485152,16485152
2016,96.4,Anthony Davis,NOP,10,41,44,16,28.6,12.0,2.3,1.3,2.4,2.5,57.8,0.5,0.003,32.8,19.5,3,1,1,105,New Orleans Pelicans, PF,7070730,7397741,7397741
2016,96.4,DeMarcus Cousins,NOP,10,42,44,16,28.1,10.1,4.3,1.4,1.4,3.4,56.4,1.8,0.001,36.6,17.9,2,1,1,27,Sacramento Kings, C,15851950,16585081,16585081
2016,96.4,DeMar DeRozan,TOR,2,43,43,28,28.0,5.4,3.8,1.2,0.2,2.4,55.7,0.4,0.002,34.0,15.9,2,1,1,73,Toronto Raptors, SF,10050000,10514798,10514798
2016,96.4,Kevin Durant,GSW,1,43,43,37,26.3,8.5,4.7,1.1,1.7,2.2,66.0,2.0,0.004,26.9,19.2,7,1,1,7,Oklahoma City Thunder, SF,20158622,21090931,21090931
2016,96.4,LeBron James,CLE,1,39,42,30,25.6,7.7,8.3,1.5,0.6,4.2,60.1,1.7,0.003,29.1,17.7,12,1,1,2,Cleveland Cavaliers, SF,22970500,24032854,24032854
2016,96.4,Kawhi Leonard,SAS,2,41,43,32,25.5,5.7,3.2,1.9,0.7,1.9,62.6,2.1,0.002,29.7,17.1,1,1,1,23,San Antonio Spurs, SF,16407500,17166324,17166324
2016,96.4,Jimmy Butler,CHI,8,43,45,22,24.7,6.6,4.8,1.7,0.3,2.2,59.3,1.2,0.003,26.7,16.6,2,1,1,22,Chicago Bulls, SF,16407500,17166324,17166324
2016,96.4,Stephen Curry,GSW,1,43,43,37,24.6,4.1,6.1,1.8,0.2,3.0,62.4,3.8,0.003,27.4,14.4,3,1,1,61,Golden State Warriors, PG,11370786,11896669,11896669
2016,96.4,Kyrie Irving,CLE,1,37,42,27,23.8,3.5,5.6,1.2,0.1,2.7,57.0,2.3,0.002,28.1,13.4,3,0,1,19,Cleveland Cavaliers, PG,16407501,17166325,17166325
2016,96.4,Giannis Antetokounmpo,MIL,10,42,43,20,23.5,8.9,5.5,1.8,2.0,3.0,60.6,0.7,0.003,28.6,18.5,0,0,1,279,Milwaukee Bucks, PF,1953960,2044328,2044328
2016,96.4,Kemba Walker,CHA,6,43,44,23,23.0,4.1,5.4,1.2,0.2,2.3,58.5,2.9,0.003,28.7,14.8,0,0,1,59,Charlotte Hornets, PG,12000000,12554983,12554983
2016,96.4,John Wall,WAS,5,41,43,23,23.0,4.5,10.2,2.2,0.5,4.2,55.0,1.1,0.002,29.7,15.8,3,1,1,26,Washington Wizards, PG,15851950,16585081,16585081
2016,96.4,Carmelo Anthony,NYK,11,44,45,19,22.5,6.0,3.1,0.9,0.4,1.8,54.1,2.1,0.001,28.6,12.7,9,1,1,3,New York Knicks, PF,22875000,23932937,23932937
2016,96.4,Kyle Lowry,TOR,2,42,43,27,22.3,4.9,7.0,1.7,0.3,2.9,64.0,3.3,0.002,23.9,14.8,2,1,1,55,Toronto Raptors, PG,12000000,12554983,12554983
2016,96.4,Gordon Hayward,UTA,4,38,45,26,22.2,5.7,3.5,1.0,0.3,2.1,60.6,2.0,0.003,26.8,16.6,0,0,1,32,Utah Jazz, SF,15409570,16122241,16122241
2016,96.4,Paul George,IND,7,36,43,19,21.9,6.0,3.3,1.7,0.3,2.8,57.6,2.3,0.002,27.3,12.4,3,1,1,17,Indiana Pacers, SG,17120106,17911887,17911887
2016,96.4,Klay Thompson,GSW,1,42,43,36,21.1,3.7,2.0,0.8,0.5,1.8,58.0,3.0,0.003,24.7,9.6,2,1,1,31,Golden State Warriors, SG,15501000,16217900,16217900
2016,96.4,Kevin Love,CLE,1,37,42,27,20.5,10.7,1.7,0.9,0.4,2.0,57.9,2.6,0.003,26.3,15.8,3,0,1,13,Cleveland Cavaliers, PF,19689000,20599589,20599589
2016,96.4,Marc Gasol,MEM,7,44,46,26,20.1,6.0,4.2,1.0,1.4,2.1,55.3,1.3,0.002,26.5,15.5,2,0,1,14,Memphis Grizzlies, C,19688000,20598543,20598543
2016,96.4,Paul Millsap,ATL,4,41,44,26,17.9,8.1,3.8,1.5,1.0,2.3,53.5,1.1,0.004,24.1,13.5,3,1,1,16,Atlanta Hawks, PF,18671659,19535198,19535198
2016,96.4,DeAndre Jordan,LAC,4,45,45,29,12.7,13.9,1.0,0.6,1.8,1.6,66.5,0.0,0.003,15.2,15.2,0,0,1,11,LA Clippers, C,19689000,20599589,20599589
2016,96.4,Draymond Green,GSW,1,41,43,35,10.8,8.7,7.7,2.0,1.4,2.3,54.8,1.1,0.003,15.4,12.7,1,1,1,36,Golden State Warriors, PF,14260870,14920416,14920416
2017,97.3,James Harden,HOU,2,37,44,28,31.5,4.8,9.0,1.8,0.6,4.4,62.2,4.1,0.002,35.0,18.7,5,1,1,6,Houston Rockets, SG,26540100,27188335,27188335
2017,97.3,Giannis Antetokounmpo,MIL,8,42,45,22,28.2,10.1,4.6,1.5,1.3,2.7,61.4,0.5,0.002,30.7,19.5,1,1,1,254,Milwaukee Bucks, PF,2995421,3068583,3068583
2017,97.3,Stephen Curry,GSW,1,32,47,26,27.4,5.2,6.5,1.7,0.1,3.0,66.7,4.2,0.002,29.3,16.5,4,1,1,82,Golden State Warriors, PG,12112359,12408200,12408200
2017,97.3,LeBron James,CLE,3,45,45,27,26.8,7.8,8.7,1.7,1.1,4.3,63.1,1.8,0.001,30.1,18.8,13,1,1,1,Cleveland Cavaliers, SF,30963450,31719725,31719725
2017,97.3,Anthony Davis,NOP,7,39,45,21,26.5,10.5,2.3,1.1,2.1,1.9,63.6,0.7,0.003,26.9,18.4,4,1,1,18,New Orleans Pelicans, PF,22116750,22656946,22656946
2017,97.3,Kevin Durant,GSW,1,39,47,30,26.2,6.9,5.4,0.8,2.1,3.2,63.0,2.5,0.002,29.1,16.6,8,1,1,5,Golden State Warriors, SF,26540100,27188335,27188335
2017,97.3,DeMarcus Cousins,NOP,7,45,45,24,25.2,12.6,5.1,1.6,1.6,5.0,58.2,2.2,0.002,31.8,16.3,3,1,1,45,Sacramento Kings, C,16957900,17372092,17372092
2017,97.3,Damian Lillard,POR,6,39,46,20,25.2,4.8,6.6,1.1,0.4,3.2,57.9,2.9,0.003,29.0,15.8,2,0,1,10,Portland Trail Blazers, PG,24328425,24922641,24922641
2017,97.3,DeMar DeRozan,TOR,2,45,45,31,25.0,4.2,5.0,1.2,0.3,2.4,57.5,1.1,0.002,29.1,14.6,3,1,1,3,Toronto Raptors, SF,26540100,27188335,27188335
2017,97.3,Russell Westbrook,OKC,5,46,46,26,24.8,9.7,10.1,2.0,0.2,4.6,51.2,1.4,0.003,33.4,19.0,6,1,1,7,Oklahoma City Thunder, PG,26540100,27188335,27188335
2017,97.3,Kyrie Irving,BOS,1,44,47,33,24.5,3.7,5.0,1.2,0.3,2.4,59.1,2.7,0.003,30.3,15.8,4,1,1,34,Cleveland Cavaliers, PG,17638063,18068868,18068868
2017,97.3,Victor Oladipo,IND,6,42,47,25,24.2,5.2,3.9,2.0,0.9,2.8,59.1,2.5,0.003,29.9,15.0,0,0,1,149,Oklahoma City Thunder, SG,6552961,6713015,6713015
2017,97.3,Joel Embiid,PHI,7,33,42,20,24.0,10.9,3.4,0.6,1.9,4.2,58.5,0.9,0.004,32.7,18.3,0,0,1,196,Philadelphia 76ers, C,4826160,4944037,4944037
2017,97.3,Bradley Beal,WAS,5,46,46,26,23.8,4.3,3.7,1.1,0.5,2.2,56.6,2.4,0.003,27.6,12.7,0,0,1,15,Washington Wizards, SG,22116750,22656946,22656946
2017,97.3,Kristaps Porzingis,NYK,10,41,47,20,23.3,6.7,1.2,0.8,2.3,2.1,53.5,1.8,0.002,31.0,12.4,0,0,1,207,New York Knicks, PF,4317720,4423179,4423179
2017,97.3,LaMarcus Aldridge,SAS,3,46,48,29,22.3,8.7,1.9,0.5,1.2,1.5,55.3,0.5,0.003,28.4,14.8,5,0,1,27,San Antonio Spurs, PF,20575005,21077544,21077544
2017,97.3,Jimmy Butler,MIN,3,45,48,29,21.7,5.4,5.0,2.0,0.4,1.9,58.9,1.2,0.002,24.0,15.2,3,1,1,36,Chicago Bulls, SF,17552209,17980917,17980917
2017,97.3,Kemba Walker,CHA,11,42,44,18,21.7,3.4,5.8,1.2,0.3,2.0,54.9,2.4,0.003,26.5,13.3,1,1,1,88,Charlotte Hornets, PG,12000000,12293097,12293097
2017,97.3,Paul George,OKC,5,43,46,25,20.8,5.5,3.0,2.2,0.6,2.8,57.2,3.1,0.003,24.5,11.7,4,1,1,32,Indiana Pacers, SG,18314532,18761860,18761860
2017,97.3,Klay Thompson,GSW,1,46,47,37,20.6,4.0,2.5,0.7,0.6,1.7,60.4,3.3,0.003,23.6,10.9,3,1,1,46,Golden State Warriors, SG,16663575,17070579,17070579
2017,97.3,Karl-Anthony Towns,MIN,3,48,48,30,20.2,12.0,2.3,0.9,1.6,2.0,63.9,1.5,0.002,21.8,15.9,0,0,1,168,Minnesota Timberwolves, C,5960160,6105735,6105735
2017,97.3,John Wall,WAS,5,35,46,21,19.5,3.6,9.3,1.3,1.1,3.5,51.3,1.4,0.002,28.1,13.1,4,1,1,44,Washington Wizards, PG,16957900,17372092,17372092
2017,97.3,Kevin Love,CLE,3,44,45,26,18.6,9.4,1.7,0.7,0.5,1.6,61.2,2.3,0.001,25.7,15.3,4,1,1,25,Cleveland Cavaliers, PF,21165675,21682641,21682641
2017,97.3,Goran Dragic,MIA,4,42,46,24,17.3,4.2,4.9,0.9,0.2,2.5,52.6,1.5,0.002,25.9,11.3,0,0,1,51,Miami Heat, PG,15891725,16279876,16279876
2017,97.3,Kyle Lowry,TOR,2,42,45,30,17.0,6.0,6.7,1.2,0.1,2.6,59.7,3.0,0.002,21.7,14.0,3,1,1,85,Toronto Raptors, PG,12000000,12293097,12293097
2017,97.3,Andre Drummond,DET,9,43,45,21,14.3,15.1,3.9,1.5,1.2,2.7,57.1,0.0,0.002,20.2,15.9,1,0,1,19,Detroit Pistons, C,22116750,22656946,22656946
2017,97.3,Al Horford,BOS,1,43,47,30,13.3,7.7,5.3,0.6,1.0,2.0,59.8,1.4,0.003,17.9,14.4,4,0,1,4,Boston Celtics, PF,26540100,27188335,27188335
2017,97.3,Draymond Green,GSW,1,40,47,30,11.3,7.9,7.6,1.3,1.3,2.8,57.3,1.2,0.003,16.7,12.6,2,1,1,54,Golden State Warriors, PF,15330435,15704877,15704877
2018,100.0,James Harden,HOU,5,43,46,25,35.7,6.4,8.3,2.0,0.7,5.6,62.2,5.0,0.001,39.1,19.6,6,1,1,8,Houston Rockets, SG,28299399,28299399,28299399
2018,100.0,Anthony Davis,NOP,12,41,47,20,29.3,13.3,4.4,1.7,2.6,2.0,59.5,1.0,0.002,29.1,20.1,5,1,1,25,New Orleans Pelicans, PF,23775506,23775506,23775506
2018,100.0,Stephen Curry,GSW,1,36,47,28,29.3,5.2,5.6,1.2,0.4,2.9,66.2,5.3,0.003,29.4,16.1,5,1,1,1,Golden State Warriors, PG,37457154,37457154,37457154
2018,100.0,Kawhi Leonard,TOR,2,36,48,25,27.6,7.9,3.1,1.9,0.5,2.0,61.3,1.8,0.002,29.9,17.9,2,0,1,45,San Antonio Spurs, SF,18868626,18868626,18868626
2018,100.0,Joel Embiid,PHI,4,45,48,30,27.1,13.2,3.6,0.6,2.0,3.5,59.8,1.2,0.003,32.0,19.8,1,1,1,18,Philadelphia 76ers, C,25250000,25250000,25250000
2018,100.0,Paul George,OKC,3,45,46,27,26.8,7.9,4.0,2.3,0.5,2.6,57.9,3.4,0.004,28.2,16.3,5,1,1,38,Oklahoma City Thunder, SG,19508958,19508958,19508958
2018,100.0,Giannis Antetokounmpo,MIL,1,43,46,32,26.5,12.6,5.9,1.3,1.4,4.0,63.1,0.4,0.004,30.6,21.0,2,1,1,20,Milwaukee Bucks, PF,24157303,24157303,24157303
2018,100.0,Damian Lillard,POR,4,48,48,29,26.1,4.5,6.2,1.0,0.5,2.8,58.8,2.9,0.002,28.8,15.2,3,1,1,12,Portland Trail Blazers, PG,26153057,26153057,26153057
2018,100.0,Blake Griffin,DET,9,44,46,20,26.0,8.1,5.2,0.8,0.5,3.8,59.7,2.4,0.002,29.5,16.2,5,0,1,2,LA Clippers, PF,32088932,32088932,32088932
2018,100.0,Kemba Walker,CHA,8,46,46,22,25.0,4.3,5.6,1.2,0.5,2.6,55.9,3.2,0.002,30.5,14.0,2,1,1,103,Charlotte Hornets, PG,12000000,12000000,12000000
2018,100.0,Bradley Beal,WAS,9,46,46,20,24.7,5.0,5.0,1.3,0.9,2.8,56.8,2.5,0.002,27.5,12.2,1,1,1,15,Washington Wizards, SG,25434263,25434263,25434263
2018,100.0,Kyrie Irving,BOS,5,42,47,26,23.5,4.8,6.9,1.7,0.5,2.7,60.5,2.6,0.003,28.4,16.6,5,1,1,44,Boston Celtics, PG,18868626,18868626,18868626
2018,100.0,Karl-Anthony Towns,MIN,11,46,46,22,22.4,12.2,2.9,1.0,1.9,2.9,59.5,1.7,0.002,26.4,16.4,1,1,1,174,Minnesota Timberwolves, C,6216840,6216840,6216840
2018,100.0,Klay Thompson,GSW,1,47,47,33,22.1,4.1,2.0,1.2,0.7,1.6,56.1,2.9,0.002,26.4,10.4,4,1,1,53,Golden State Warriors, SG,17826150,17826150,17826150
2018,100.0,Russell Westbrook,OKC,3,38,46,23,21.6,10.6,10.5,2.4,0.3,4.5,47.7,1.2,0.003,30.5,15.6,7,1,1,7,Oklahoma City Thunder, PG,28530608,28530608,28530608
2018,100.0,LaMarcus Aldridge,SAS,6,48,48,27,20.8,8.6,2.5,0.5,1.2,1.9,56.7,0.1,0.001,27.3,14.0,6,1,1,34,San Antonio Spurs, PF,21461010,21461010,21461010
2018,100.0,Nikola Vucevic,ORL,11,46,47,20,20.5,12.0,3.8,0.9,1.1,1.9,57.7,1.2,0.002,27.3,18.9,0,0,1,90,Orlando Magic, C,12750000,12750000,12750000
2018,100.0,Nikola Jokic,DEN,2,45,45,31,19.6,10.0,7.7,1.3,0.7,3.2,59.2,1.2,0.002,26.8,18.7,0,0,1,366,Denver Nuggets, C,1471382,1471382,1471382
2018,100.0,D'Angelo Russell,BKN,6,47,48,25,19.2,3.7,6.4,1.1,0.3,2.8,53.4,2.7,0.002,29.2,13.7,0,0,1,161,Brooklyn Nets, SG,7019698,7019698,7019698
2018,100.0,Victor Oladipo,IND,3,35,46,24,19.2,5.7,5.3,1.7,0.3,2.3,51.9,2.1,0.003,27.8,13.1,1,1,1,35,Indiana Pacers, SG,21000000,21000000,21000000
2018,100.0,Khris Middleton,MIL,1,44,46,32,17.3,5.8,4.1,1.1,0.1,2.2,55.6,2.4,0.003,23.7,11.2,0,0,1,439,Milwaukee Bucks, SF,1300000,1300000,1300000
2018,100.0,Ben Simmons,PHI,4,47,48,31,16.5,9.4,8.2,1.3,0.8,3.5,58.9,0.0,0.002,21.6,15.8,0,0,1,168,Philadelphia 76ers, PG,6434520,6434520,6434520
2018,100.0,Kyle Lowry,TOR,2,37,48,28,13.9,4.5,9.4,1.5,0.5,2.7,55.2,2.1,0.003,18.6,11.9,4,1,1,4,Toronto Raptors, PG,31200000,31200000,31200000
2018,100.0,Dirk Nowitzki,DAL,13,15,46,4,3.5,1.9,0.4,0.1,0.3,0.3,39.0,0.7,0.0,18.4,3.3,13,0,1,199,Dallas Mavericks, F,5000000,5000000,5000000
